job_name,started_time,run_state
cfd3,2022-07-15T09:45:32.132Z,0
6c0a,2022-05-14T03:15:44.126Z,0
78c0,2022-02-07T08:00:44.240Z,0
460a,2022-08-23T12:42:33.067Z,1
c8cc,2022-02-01T12:00:01.210Z,0
bfbf,2022-04-09T10:08:44.085Z,1
d5fe,2022-01-31T01:45:59.477Z,0
684d,2022-11-19T10:30:19.159Z,0
bfbf,2022-09-29T10:00:10.132Z,0
f45d,2022-07-24T10:45:33.245Z,0
c963,2022-04-06T11:40:40.407Z,0
2ff8,2022-03-14T13:00:39.101Z,0
d8f3,2022-06-23T12:30:30.175Z,0
277c,2022-03-18T13:00:28.291Z,0
c963,2022-12-05T11:40:40.342Z,0
8a0b,2022-03-15T12:00:11.157Z,0
d5fe,2022-02-17T02:24:53.181Z,0
bfbf,2022-11-13T10:30:03.182Z,0
57aa,2022-11-29T09:00:25.230Z,0
f45d,2022-11-27T10:45:33.131Z,0
277c,2022-07-21T13:00:28.157Z,0
57aa,2022-08-16T09:00:25.241Z,0
cfd3,2022-06-15T10:45:32.287Z,0
57aa,2022-04-21T09:00:25.130Z,1
78c0,2022-01-19T08:00:44.121Z,0
c8cc,2022-07-06T12:00:01.490Z,0
57aa,2022-10-09T09:00:25.212Z,0
460a,2022-08-30T12:44:13.388Z,0
cfd3,2022-01-31T10:45:32.095Z,0
d5fe,2022-02-07T01:51:56.626Z,0
2ff8,2022-07-18T13:00:39.140Z,0
dee5,2022-04-18T11:30:24.259Z,0
dee5,2022-06-27T11:30:24.255Z,0
684d,2022-08-09T10:59:21.523Z,1
684d,2022-05-03T10:39:15.714Z,1
d5fe,2022-02-06T04:01:16.180Z,0
bfbf,2022-09-28T10:00:26.331Z,0
6c0a,2022-10-30T03:15:44.177Z,0
57aa,2022-07-29T09:00:25.284Z,0
277c,2022-05-09T13:00:28.527Z,0
bfbf,2022-11-26T10:30:03.250Z,0
d8f3,2022-05-29T12:30:30.379Z,0
d39a,2022-09-29T08:00:19.359Z,0
cfd3,2022-03-10T11:45:32.224Z,0
684d,2022-06-09T10:58:49.511Z,1
cfd3,2022-04-28T09:45:32.458Z,0
684d,2022-08-28T10:50:24.974Z,1
684d,2022-07-02T10:49:04.685Z,1
684d,2022-08-07T10:39:51.634Z,1
d39a,2022-05-23T08:00:19.367Z,0
6c0a,2022-04-14T03:15:44.258Z,0
d5fe,2022-01-31T03:19:21.816Z,1
d39a,2022-03-03T08:00:19.480Z,0
d39a,2022-06-06T11:15:45.128Z,0
c8cc,2022-04-15T12:00:01.437Z,0
f45d,2022-09-04T10:46:13.736Z,0
c963,2022-05-07T11:40:40.376Z,0
cfd3,2022-04-16T10:45:32.478Z,0
78c0,2022-01-29T08:00:44.169Z,0
460a,2022-10-16T12:52:42.175Z,1
d39a,2022-06-21T11:15:45.140Z,0
277c,2022-03-11T13:00:28.273Z,1
57aa,2022-06-06T09:00:25.208Z,0
dee5,2022-07-11T11:30:24.171Z,0
6c0a,2022-05-09T03:15:44.164Z,0
c963,2022-05-17T11:40:40.451Z,0
cfd3,2022-05-17T10:45:32.185Z,0
460a,2022-03-16T12:32:34.021Z,0
f45d,2022-09-15T10:46:15.733Z,0
bfbf,2022-12-08T10:30:03.170Z,0
d8f3,2022-10-22T12:30:30.082Z,0
78c0,2022-02-27T08:00:44.433Z,0
c8cc,2022-01-23T12:00:01.222Z,0
d39a,2022-03-02T08:00:19.288Z,0
bfbf,2022-02-25T10:09:00.656Z,1
bfbf,2022-03-24T10:09:27.537Z,1
d39a,2022-05-02T11:15:45.271Z,0
c8cc,2022-07-15T12:00:01.096Z,0
d39a,2022-08-13T08:00:19.372Z,0
d39a,2022-11-09T08:00:19.411Z,0
684d,2022-06-28T10:40:13.603Z,1
c8cc,2022-06-02T12:00:01.354Z,0
cfd3,2022-07-30T09:29:31.110Z,0
c963,2022-06-26T11:40:40.278Z,0
f45d,2022-08-28T10:46:11.436Z,0
684d,2022-07-12T10:30:19.120Z,1
cfd3,2022-02-06T10:45:32.248Z,0
78c0,2022-11-29T08:00:44.116Z,0
d8f3,2022-02-20T12:30:30.274Z,0
dee5,2022-09-24T11:30:56.127Z,0
6c0a,2022-01-07T03:15:44.104Z,0
460a,2022-07-27T12:41:22.566Z,0
dee5,2022-08-24T11:30:55.214Z,0
c8cc,2022-12-02T03:30:07.246Z,0
d8f3,2022-05-22T12:30:30.195Z,0
2ff8,2022-02-23T13:00:39.268Z,0
c8cc,2022-01-24T12:00:01.540Z,0
8a0b,2022-09-02T12:00:11.246Z,0
dee5,2022-06-25T11:30:24.094Z,0
3d6d,2022-03-20T12:30:40.090Z,0
c69d,2022-01-19T13:45:39.118Z,0
c8cc,2022-08-01T12:00:01.659Z,0
d39a,2022-04-03T08:00:19.483Z,0
cfd3,2022-12-07T09:29:31.453Z,0
460a,2022-11-12T12:49:08.831Z,1
460a,2022-02-27T10:56:23.428Z,0
78c0,2022-04-12T08:00:44.124Z,0
57aa,2022-08-05T09:00:25.188Z,0
6c0a,2022-01-22T03:15:44.266Z,0
f45d,2022-03-06T10:45:33.390Z,0
3d6d,2022-11-05T12:30:40.298Z,0
dee5,2022-05-21T11:30:24.245Z,0
277c,2022-05-05T03:29:40.715Z,0
d39a,2022-09-24T08:01:28.267Z,0
f45d,2022-09-02T10:46:16.001Z,0
cfd3,2022-05-15T09:45:32.089Z,0
8a0b,2022-05-15T12:00:11.349Z,0
cfd3,2022-10-26T11:29:31.154Z,0
57aa,2022-06-23T09:00:25.405Z,0
cfd3,2022-02-16T11:45:32.183Z,0
8a0b,2022-08-12T12:00:29.185Z,0
f45d,2022-06-01T10:45:33.357Z,0
c963,2022-03-14T11:40:40.634Z,0
684d,2022-03-01T10:38:55.994Z,1
8a0b,2022-04-25T12:00:11.118Z,1
d39a,2022-04-13T11:15:45.214Z,0
684d,2022-08-26T10:41:26.646Z,1
cfd3,2022-11-09T10:29:31.242Z,0
cfd3,2022-12-05T10:29:31.447Z,0
460a,2022-03-11T12:35:21.822Z,0
d8f3,2022-03-24T12:30:30.279Z,0
684d,2022-02-28T10:38:40.359Z,1
684d,2022-06-29T10:58:58.611Z,1
460a,2022-11-07T12:52:58.474Z,1
460a,2022-05-20T12:39:04.762Z,1
d8f3,2022-10-13T12:31:08.042Z,0
57aa,2022-07-13T09:00:25.369Z,0
bfbf,2022-03-15T10:00:10.276Z,1
c963,2022-07-16T11:40:40.457Z,0
277c,2022-05-08T13:00:28.312Z,1
6c0a,2022-04-02T03:15:44.114Z,0
bec2,2022-02-08T01:15:27.075Z,0
d5fe,2022-01-29T23:51:46.707Z,1
3d6d,2022-01-27T21:06:18.440Z,0
d39a,2022-03-28T08:00:19.256Z,0
57aa,2022-04-22T09:03:02.541Z,1
cfd3,2022-01-16T09:45:32.216Z,0
c8cc,2022-09-30T12:00:01.307Z,0
8a0b,2022-04-17T12:04:56.779Z,1
6c0a,2022-05-30T03:15:44.300Z,0
cfd3,2022-05-15T10:45:32.296Z,0
d39a,2022-03-17T08:00:19.448Z,0
3d6d,2022-08-31T12:30:40.152Z,0
2ff8,2022-09-10T13:01:26.024Z,0
3d6d,2022-02-19T12:30:40.337Z,0
f45d,2022-03-17T10:45:33.223Z,0
57aa,2022-10-24T09:00:57.820Z,0
f45d,2022-07-11T10:45:33.081Z,0
6c0a,2022-04-27T03:15:44.259Z,0
684d,2022-02-09T10:30:19.209Z,1
cfd3,2022-11-16T11:29:31.342Z,0
bfbf,2022-04-28T10:09:53.918Z,1
cfd3,2022-05-02T10:45:32.339Z,0
f45d,2022-06-29T10:45:33.195Z,0
c963,2022-08-15T11:40:40.260Z,0
cfd3,2022-05-05T11:45:32.298Z,0
bfbf,2022-03-16T10:09:30.997Z,1
f45d,2022-04-01T10:45:33.137Z,0
684d,2022-10-23T10:30:19.112Z,0
3d6d,2022-11-12T12:30:40.262Z,0
bfbf,2022-01-10T10:00:10.243Z,0
277c,2022-03-08T00:21:17.551Z,1
c963,2022-02-22T08:08:47.314Z,0
6c0a,2022-10-21T03:15:44.313Z,0
c8cc,2022-03-13T12:00:01.359Z,0
8a0b,2022-04-23T12:02:21.404Z,1
684d,2022-04-24T10:30:19.164Z,1
57aa,2022-04-22T09:01:55.502Z,1
d8f3,2022-07-04T12:30:30.115Z,0
6c0a,2022-09-29T03:15:44.223Z,0
d39a,2022-02-07T08:00:19.333Z,0
d39a,2022-01-10T08:00:19.372Z,0
78c0,2022-06-23T08:00:44.252Z,0
cfd3,2022-08-26T09:29:31.321Z,0
57aa,2022-05-17T09:00:25.108Z,0
c963,2022-03-21T11:40:40.446Z,0
d39a,2022-02-22T08:00:19.326Z,0
bfbf,2022-09-27T10:00:10.162Z,0
cfd3,2022-06-17T11:45:32.380Z,0
dee5,2022-07-07T11:30:24.238Z,0
2ff8,2022-10-22T13:01:27.383Z,0
bfbf,2022-06-22T10:00:10.243Z,1
c8cc,2022-11-17T03:30:07.221Z,0
cfd3,2022-09-07T10:29:31.350Z,0
277c,2022-03-14T13:00:28.185Z,0
cfd3,2022-01-22T11:45:32.422Z,0
c8cc,2022-02-11T12:00:01.494Z,0
277c,2022-04-18T13:00:28.424Z,0
d8f3,2022-07-07T12:30:30.211Z,0
9c0a,2022-01-25T07:58:34.467Z,1
460a,2022-03-26T12:35:50.447Z,0
684d,2022-10-02T10:30:46.848Z,0
d39a,2022-12-03T08:00:44.479Z,0
684d,2022-04-16T10:38:55.250Z,1
c8cc,2022-08-15T12:00:01.188Z,0
c8cc,2022-09-06T12:00:01.242Z,0
bfbf,2022-10-14T10:42:07.907Z,0
c963,2022-04-24T11:40:40.413Z,0
6c0a,2022-01-16T03:15:44.292Z,0
cfd3,2022-02-02T09:45:32.140Z,0
684d,2022-11-29T10:30:19.377Z,0
8a0b,2022-10-07T04:58:11.962Z,0
57aa,2022-07-20T09:00:25.107Z,0
684d,2022-07-23T10:48:45.159Z,1
cfd3,2022-04-27T10:45:32.184Z,0
d39a,2022-05-15T08:00:30.685Z,0
cfd3,2022-12-05T09:29:31.216Z,0
57aa,2022-04-19T09:03:23.986Z,1
cfd3,2022-07-08T10:45:32.157Z,0
3d6d,2022-07-20T12:30:40.189Z,0
3d6d,2022-05-18T12:30:40.186Z,0
c8cc,2022-07-20T12:00:01.173Z,0
78c0,2022-03-19T08:00:44.103Z,0
460a,2022-02-10T04:03:17.500Z,1
8a0b,2022-04-08T12:00:11.490Z,0
f45d,2022-02-25T10:45:33.287Z,0
bfbf,2022-08-11T10:10:35.299Z,1
57aa,2022-05-03T09:02:54.519Z,1
d39a,2022-09-06T11:15:45.174Z,0
8a0b,2022-03-20T12:00:11.339Z,0
cfd3,2022-06-08T10:45:32.373Z,0
c963,2022-06-24T11:40:40.576Z,0
cfd3,2022-01-12T09:45:32.170Z,0
684d,2022-05-03T10:30:19.475Z,1
cfd3,2022-01-21T11:45:32.309Z,0
277c,2022-08-08T13:00:28.317Z,1
cfd3,2022-06-23T09:45:32.423Z,0
277c,2022-06-14T13:00:28.365Z,0
3d6d,2022-10-26T12:30:40.150Z,0
460a,2022-03-19T12:40:26.060Z,0
684d,2022-07-11T10:58:04.170Z,1
c963,2022-02-16T08:08:47.223Z,0
c8cc,2022-05-09T12:00:01.164Z,0
c963,2022-08-10T11:40:40.332Z,0
684d,2022-02-26T10:46:12.367Z,1
684d,2022-05-19T10:30:19.286Z,1
cfd3,2022-11-06T11:29:31.462Z,0
cfd3,2022-12-02T09:29:31.222Z,0
c963,2022-04-28T11:40:40.601Z,0
78c0,2022-10-29T08:01:34.142Z,0
277c,2022-10-11T13:01:49.933Z,0
8a0b,2022-04-27T12:04:57.816Z,1
cfd3,2022-08-01T09:29:31.249Z,0
684d,2022-06-17T10:49:17.198Z,1
cfd3,2022-02-09T10:45:32.089Z,0
dee5,2022-07-09T11:30:24.240Z,0
57aa,2022-04-23T09:00:25.279Z,1
277c,2022-05-10T13:00:28.230Z,0
c963,2022-03-13T11:40:40.282Z,0
684d,2022-08-06T10:58:29.388Z,1
6c0a,2022-02-08T03:15:44.105Z,0
460a,2022-02-26T10:56:59.935Z,0
57aa,2022-04-17T09:03:06.242Z,1
bfbf,2022-02-15T10:08:40.262Z,1
dee5,2022-06-18T11:30:24.169Z,0
78c0,2022-07-28T08:00:44.237Z,0
d39a,2022-09-24T11:16:38.672Z,0
c963,2022-04-04T11:40:40.412Z,0
bfbf,2022-04-27T10:09:28.846Z,1
6c0a,2022-12-05T03:15:44.244Z,0
277c,2022-07-01T13:00:28.465Z,1
277c,2022-05-03T13:00:28.472Z,0
6c0a,2022-03-10T03:15:44.143Z,0
d39a,2022-02-18T08:00:19.304Z,0
dee5,2022-09-13T11:30:54.811Z,0
d8f3,2022-02-11T12:30:30.246Z,0
684d,2022-10-20T10:30:19.248Z,0
bfbf,2022-05-10T10:00:10.434Z,1
d39a,2022-11-12T11:15:45.129Z,0
78c0,2022-07-24T08:00:44.367Z,0
460a,2022-10-29T12:48:57.451Z,1
684d,2022-07-22T10:49:01.144Z,1
6c0a,2022-01-17T03:15:44.494Z,0
cfd3,2022-09-03T10:29:31.191Z,0
cfd3,2022-08-04T11:29:31.275Z,0
684d,2022-08-17T11:01:12.579Z,1
bfbf,2022-03-25T10:09:57.149Z,1
6c0a,2022-07-29T03:15:44.299Z,0
460a,2022-06-19T12:39:37.366Z,0
cfd3,2022-04-22T10:45:32.177Z,0
8a0b,2022-01-12T12:00:11.151Z,0
8a0b,2022-04-13T12:02:54.635Z,1
460a,2022-02-02T11:25:32.421Z,1
cfd3,2022-12-01T10:29:31.214Z,0
277c,2022-08-08T14:49:49.387Z,0
cfd3,2022-10-14T09:29:31.199Z,0
cfd3,2022-11-07T09:29:31.090Z,0
d5fe,2022-01-31T02:09:57.451Z,1
684d,2022-08-29T10:49:13.803Z,1
78c0,2022-04-17T08:00:44.216Z,0
277c,2022-08-07T13:00:28.261Z,0
6c0a,2022-01-28T03:15:44.375Z,0
dee5,2022-09-02T11:30:56.582Z,0
dee5,2022-04-28T11:30:24.289Z,0
d5fe,2022-02-17T18:10:11.319Z,0
684d,2022-06-27T10:58:26.379Z,1
d39a,2022-03-22T11:15:45.142Z,0
cfd3,2022-06-29T10:45:32.121Z,0
cfd3,2022-11-06T09:29:31.278Z,0
684d,2022-05-13T10:30:19.265Z,1
f45d,2022-09-16T10:46:12.522Z,0
684d,2022-04-05T10:30:19.405Z,1
cfd3,2022-08-30T10:29:31.266Z,0
684d,2022-04-18T10:30:19.094Z,1
4886,2022-04-26T16:02:09.619Z,0
2ff8,2022-04-10T13:00:39.426Z,0
c963,2022-04-22T11:40:40.254Z,0
57aa,2022-03-19T09:00:25.350Z,0
d8f3,2022-09-19T12:31:07.321Z,0
f45d,2022-04-23T10:45:33.330Z,0
277c,2022-03-13T13:00:28.118Z,0
c8cc,2022-04-17T12:00:01.313Z,0
dee5,2022-06-21T11:30:24.206Z,0
cfd3,2022-10-16T09:29:31.370Z,0
684d,2022-07-19T10:39:52.767Z,1
684d,2022-09-22T10:30:19.210Z,0
c8cc,2022-02-05T12:00:01.147Z,0
cfd3,2022-12-01T09:29:31.155Z,0
cfd3,2022-04-23T11:45:32.357Z,0
cfd3,2022-08-06T10:29:31.211Z,0
d39a,2022-10-16T11:15:45.246Z,0
c8cc,2022-10-21T03:30:07.113Z,0
8a0b,2022-07-03T12:00:11.205Z,0
f45d,2022-10-23T10:45:33.216Z,0
cfd3,2022-02-22T10:45:32.121Z,0
277c,2022-03-06T13:00:28.245Z,0
c963,2022-06-06T11:40:40.569Z,0
57aa,2022-09-29T09:00:58.330Z,0
cfd3,2022-08-08T09:29:31.416Z,0
d39a,2022-09-27T08:00:19.353Z,0
c963,2022-03-06T11:40:40.343Z,0
cfd3,2022-05-28T09:45:32.090Z,0
277c,2022-08-01T13:00:28.231Z,0
460a,2022-02-24T14:02:15.492Z,0
78c0,2022-10-11T08:00:44.171Z,0
2ff8,2022-11-08T13:01:24.913Z,0
cfd3,2022-06-23T10:45:32.227Z,0
2ff8,2022-04-19T13:00:39.266Z,0
2ff8,2022-11-05T13:00:39.459Z,0
bfbf,2022-05-17T10:09:35.945Z,1
cfd3,2022-03-17T09:45:32.487Z,0
d39a,2022-06-20T08:00:19.210Z,0
57aa,2022-12-07T09:00:25.231Z,0
2ff8,2022-09-09T13:01:25.455Z,0
6c0a,2022-04-03T03:15:44.171Z,0
bfbf,2022-07-02T10:10:16.152Z,1
684d,2022-10-30T10:30:19.367Z,0
c963,2022-11-15T11:40:40.467Z,0
c8cc,2022-07-01T12:00:01.111Z,0
684d,2022-11-28T10:30:19.157Z,0
f45d,2022-09-11T10:45:33.266Z,0
cfd3,2022-07-18T10:45:32.505Z,0
78c0,2022-09-25T08:00:44.215Z,0
684d,2022-07-07T10:30:19.263Z,1
57aa,2022-11-24T09:00:25.134Z,0
cfd3,2022-09-06T10:29:31.236Z,0
57aa,2022-07-30T09:00:25.369Z,0
cfd3,2022-09-13T10:29:31.151Z,0
6c0a,2022-06-19T03:15:44.298Z,0
78c0,2022-01-20T08:00:44.472Z,0
3d6d,2022-10-27T12:30:40.183Z,0
78c0,2022-11-10T08:01:35.834Z,0
d39a,2022-04-10T08:00:19.316Z,0
8a0b,2022-04-27T12:00:11.161Z,1
bfbf,2022-02-12T10:00:10.133Z,1
277c,2022-12-09T13:01:04.976Z,0
cfd3,2022-05-20T09:45:32.187Z,0
c8cc,2022-03-24T12:00:01.122Z,0
3d6d,2022-05-19T12:30:40.098Z,0
d8f3,2022-03-16T12:30:30.217Z,0
684d,2022-06-21T10:58:43.019Z,1
8a0b,2022-07-11T12:00:11.184Z,0
460a,2022-05-04T12:39:17.907Z,0
c8cc,2022-02-20T12:00:01.362Z,0
684d,2022-03-11T10:30:19.486Z,1
cfd3,2022-01-15T09:45:32.280Z,0
dee5,2022-05-09T11:30:24.429Z,0
684d,2022-03-08T10:47:33.505Z,1
3d6d,2022-02-27T12:30:40.293Z,0
2ff8,2022-02-28T13:00:39.107Z,0
78c0,2022-09-08T08:01:37.832Z,0
6c0a,2022-07-04T03:15:44.172Z,0
460a,2022-11-22T12:54:35.130Z,1
d39a,2022-10-31T08:00:19.306Z,0
bfbf,2022-05-31T10:00:10.409Z,1
6c0a,2022-10-06T03:16:34.078Z,0
cfd3,2022-09-29T09:29:31.185Z,0
8a0b,2022-04-16T12:03:56.147Z,1
2ff8,2022-07-07T13:00:39.315Z,0
8a0b,2022-11-07T03:15:10.254Z,0
dee5,2022-06-07T11:30:24.421Z,0
57aa,2022-04-29T09:04:26.428Z,1
3d6d,2022-01-06T11:30:18.165Z,0
cfd3,2022-07-27T11:45:32.221Z,0
dee5,2022-10-05T11:30:56.522Z,0
c963,2022-11-14T11:40:40.366Z,0
277c,2022-07-11T13:00:28.279Z,0
684d,2022-02-25T10:55:07.065Z,1
bfbf,2022-05-30T10:09:19.242Z,1
d8f3,2022-08-27T12:31:08.042Z,0
8a0b,2022-01-11T12:00:11.197Z,0
d39a,2022-07-23T08:00:19.350Z,0
c963,2022-04-18T11:40:40.433Z,0
78c0,2022-08-11T08:01:35.416Z,0
277c,2022-11-21T13:00:28.312Z,0
f45d,2022-09-13T10:46:12.336Z,0
8a0b,2022-04-18T12:04:26.638Z,1
277c,2022-10-22T13:00:28.168Z,0
d39a,2022-03-25T11:15:45.202Z,0
cfd3,2022-08-12T10:29:31.105Z,0
78c0,2022-10-05T08:01:35.268Z,0
8a0b,2022-11-17T03:15:10.122Z,0
2ff8,2022-11-04T13:00:39.172Z,0
277c,2022-09-08T13:01:04.262Z,0
cfd3,2022-08-09T11:29:31.265Z,0
cfd3,2022-05-11T09:45:32.235Z,0
dee5,2022-03-29T11:30:24.428Z,0
d8f3,2022-03-12T12:30:30.357Z,0
d8f3,2022-03-29T12:30:30.361Z,0
d8f3,2022-06-19T12:30:30.507Z,0
684d,2022-01-24T10:30:19.328Z,0
c8cc,2022-06-12T12:00:01.291Z,0
57aa,2022-09-06T09:00:25.298Z,0
d39a,2022-10-03T08:00:19.295Z,0
3d6d,2022-08-06T12:30:40.299Z,0
2ff8,2022-11-19T13:01:24.990Z,0
d39a,2022-02-11T08:00:19.448Z,0
d5fe,2022-01-30T18:29:59.285Z,1
bfbf,2022-05-25T10:00:10.176Z,1
d8f3,2022-01-14T12:30:30.282Z,0
cfd3,2022-03-11T10:45:32.139Z,0
d39a,2022-06-05T08:00:19.407Z,0
3d6d,2022-10-19T12:31:26.036Z,0
f45d,2022-08-05T10:45:33.162Z,0
684d,2022-02-08T10:51:21.827Z,1
57aa,2022-11-26T09:00:25.119Z,0
57aa,2022-05-22T09:00:25.420Z,0
bfbf,2022-03-20T10:00:10.102Z,1
6c0a,2022-02-09T03:15:44.086Z,0
cfd3,2022-11-03T11:29:31.219Z,0
cfd3,2022-08-22T10:29:31.206Z,0
f45d,2022-11-29T10:45:33.402Z,0
684d,2022-08-03T10:40:49.460Z,1
277c,2022-02-05T11:10:26.232Z,1
460a,2022-04-19T12:40:18.321Z,0
f45d,2022-12-08T10:45:33.483Z,0
c8cc,2022-09-27T12:00:01.262Z,0
dee5,2022-07-31T11:30:24.223Z,0
6c0a,2022-09-02T03:16:35.287Z,0
277c,2022-06-11T13:00:28.240Z,0
684d,2022-06-06T10:48:43.567Z,1
57aa,2022-08-20T09:00:55.966Z,0
cfd3,2022-01-29T11:45:32.204Z,0
460a,2022-05-17T12:40:11.783Z,0
8a0b,2022-05-19T12:00:11.113Z,0
c8cc,2022-07-14T12:00:01.114Z,0
684d,2022-02-20T10:45:33.276Z,1
bfbf,2022-12-02T10:30:03.301Z,0
d39a,2022-06-24T11:15:45.096Z,0
c963,2022-11-19T11:40:40.303Z,0
277c,2022-08-20T13:01:02.180Z,0
bfbf,2022-06-13T10:00:10.518Z,1
8a0b,2022-05-01T12:03:35.361Z,1
d39a,2022-09-07T08:00:19.210Z,0
dee5,2022-01-19T11:30:24.256Z,0
c963,2022-11-20T11:40:40.314Z,0
684d,2022-06-25T10:57:48.626Z,1
8a0b,2022-04-22T12:05:29.690Z,1
cfd3,2022-03-27T10:45:32.141Z,0
2ff8,2022-01-20T13:00:39.125Z,0
cfd3,2022-02-08T09:45:32.151Z,0
d39a,2022-06-15T11:15:45.304Z,0
3d6d,2022-11-19T12:30:40.379Z,0
57aa,2022-08-07T09:00:25.404Z,0
cfd3,2022-04-12T09:45:32.397Z,0
57aa,2022-01-15T09:00:25.358Z,0
cfd3,2022-06-21T09:45:32.358Z,0
277c,2022-10-30T13:00:28.458Z,0
c963,2022-09-01T11:40:40.470Z,0
dee5,2022-07-29T11:30:24.389Z,0
d39a,2022-04-12T08:00:19.373Z,0
2ff8,2022-10-13T13:00:39.162Z,0
684d,2022-05-26T10:39:28.372Z,1
cfd3,2022-05-31T09:45:32.179Z,0
684d,2022-06-10T10:39:45.034Z,1
57aa,2022-11-23T09:00:25.173Z,0
cfd3,2022-02-24T09:45:32.118Z,0
f45d,2022-01-05T10:45:33.573Z,0
d8f3,2022-05-26T12:30:30.204Z,0
460a,2022-07-20T12:40:09.743Z,0
684d,2022-08-31T10:49:33.134Z,1
3d6d,2022-03-28T12:30:40.342Z,0
c963,2022-07-30T11:40:40.728Z,0
d8f3,2022-04-18T12:30:30.376Z,0
460a,2022-10-01T12:47:45.246Z,0
57aa,2022-04-15T09:01:49.557Z,1
bfbf,2022-08-01T10:10:12.698Z,1
f45d,2022-07-13T10:45:33.236Z,0
8a0b,2022-02-28T12:00:11.288Z,0
c963,2022-05-16T11:40:40.373Z,0
3d6d,2022-11-02T12:30:40.118Z,0
cfd3,2022-08-29T11:29:31.464Z,0
2ff8,2022-07-29T13:00:39.399Z,0
c963,2022-06-30T11:40:40.550Z,0
78c0,2022-05-20T08:00:44.237Z,0
cfd3,2022-02-20T11:45:32.123Z,0
bfbf,2022-05-07T10:00:10.113Z,1
d8f3,2022-08-14T12:31:10.072Z,0
dee5,2022-08-19T11:30:24.165Z,0
6c0a,2022-11-13T03:15:44.403Z,0
2ff8,2022-06-25T13:00:39.369Z,0
bfbf,2022-03-28T10:08:56.060Z,1
bfbf,2022-01-20T10:00:10.333Z,0
460a,2022-09-27T12:45:43.041Z,1
57aa,2022-04-10T09:00:25.141Z,0
c8cc,2022-07-11T12:00:01.438Z,0
bfbf,2022-05-06T10:09:43.023Z,1
684d,2022-04-30T10:47:00.504Z,1
684d,2022-08-07T10:30:19.202Z,1
57aa,2022-05-03T09:01:48.251Z,1
684d,2022-04-03T10:39:02.381Z,1
2ff8,2022-10-03T13:01:27.375Z,0
c963,2022-04-16T11:40:40.282Z,0
d39a,2022-05-19T08:00:19.417Z,0
57aa,2022-01-05T09:00:25.462Z,0
684d,2022-05-08T10:56:53.012Z,1
c8cc,2022-07-17T12:00:01.255Z,0
684d,2022-09-11T10:30:19.207Z,1
f45d,2022-09-08T10:46:13.169Z,0
57aa,2022-02-04T09:00:25.226Z,0
dee5,2022-07-03T11:30:24.362Z,0
277c,2022-08-25T13:01:01.450Z,0
6c0a,2022-08-31T03:16:33.708Z,0
8a0b,2022-11-24T03:15:10.272Z,0
d39a,2022-07-25T08:00:19.261Z,0
78c0,2022-10-25T08:01:36.110Z,0
cfd3,2022-10-07T10:29:31.214Z,0
dee5,2022-02-23T11:30:24.262Z,0
57aa,2022-04-22T09:00:25.206Z,1
bfbf,2022-06-30T10:00:10.185Z,1
d39a,2022-06-12T08:00:19.572Z,0
78c0,2022-02-25T08:00:44.462Z,0
cfd3,2022-05-26T11:45:32.255Z,0
460a,2022-02-23T20:58:00.182Z,1
c963,2022-06-05T11:40:40.415Z,0
f45d,2022-02-09T10:45:33.293Z,0
bfbf,2022-01-15T10:00:10.247Z,0
cfd3,2022-10-04T11:29:31.262Z,0
cfd3,2022-03-16T10:45:32.418Z,0
684d,2022-09-26T10:31:35.435Z,0
c8cc,2022-08-26T12:00:01.279Z,0
cfd3,2022-02-12T09:45:32.090Z,0
3d6d,2022-07-21T12:30:40.173Z,0
cfd3,2022-08-29T09:29:31.303Z,0
460a,2022-05-30T12:38:42.466Z,1
bfbf,2022-01-16T10:00:10.440Z,0
c8cc,2022-08-10T12:00:01.306Z,0
dee5,2022-06-16T11:30:24.140Z,0
d8f3,2022-07-15T12:30:30.190Z,0
57aa,2022-04-29T09:01:51.047Z,1
d39a,2022-08-26T11:15:45.215Z,0
6c0a,2022-02-03T03:15:44.122Z,0
bfbf,2022-08-22T10:00:56.745Z,1
3d6d,2022-05-24T12:30:40.215Z,0
bfbf,2022-10-20T10:30:03.178Z,0
cfd3,2022-11-26T11:29:31.132Z,0
684d,2022-09-24T10:30:19.238Z,0
8a0b,2022-10-26T03:15:10.176Z,0
cfd3,2022-02-13T10:45:32.169Z,0
cfd3,2022-11-29T10:29:31.136Z,0
d5fe,2022-02-07T12:42:13.073Z,1
bfbf,2022-07-15T10:09:37.969Z,1
3da6,2022-01-29T18:42:01.605Z,0
d5fe,2022-01-31T01:26:53.513Z,1
cfd3,2022-04-01T09:45:32.129Z,0
684d,2022-07-21T10:58:20.774Z,1
8a0b,2022-08-20T12:01:05.699Z,0
cfd3,2022-03-24T10:45:32.276Z,0
c963,2022-05-01T11:40:40.222Z,0
684d,2022-08-01T10:49:50.810Z,1
bec2,2022-02-07T02:33:24.988Z,0
6c0a,2022-06-22T03:15:44.147Z,0
d39a,2022-04-11T11:15:45.402Z,0
d39a,2022-05-06T11:15:45.478Z,0
c963,2022-03-26T11:40:40.283Z,0
bfbf,2022-01-11T10:00:10.206Z,1
a841,2022-02-13T23:51:01.093Z,1
c8cc,2022-08-12T12:00:01.316Z,0
7f96,2022-05-09T16:00:40.277Z,0
78c0,2022-05-11T08:00:44.423Z,0
d8f3,2022-11-20T12:30:30.217Z,0
c963,2022-09-03T11:40:40.325Z,1
c963,2022-03-24T11:40:40.358Z,0
460a,2022-08-07T12:43:22.828Z,0
2ff8,2022-10-21T13:01:23.892Z,0
57aa,2022-02-05T09:00:25.224Z,0
f45d,2022-06-13T10:45:33.236Z,0
3d6d,2022-05-10T12:30:40.166Z,0
57aa,2022-10-08T09:01:00.068Z,0
cfd3,2022-03-07T11:45:32.274Z,0
684d,2022-10-25T10:30:19.450Z,0
bfbf,2022-07-22T10:00:10.154Z,1
d39a,2022-06-18T11:15:45.373Z,0
cfd3,2022-07-14T10:45:32.223Z,0
cfd3,2022-02-22T11:45:32.114Z,0
d39a,2022-06-17T08:00:19.417Z,0
bfbf,2022-09-19T10:00:28.642Z,0
cfd3,2022-01-14T11:45:32.432Z,0
bfbf,2022-03-27T10:09:02.049Z,1
cfd3,2022-08-25T11:29:31.278Z,0
277c,2022-07-10T13:00:28.176Z,0
bfbf,2022-05-03T10:09:08.771Z,1
dee5,2022-10-14T11:30:24.173Z,0
277c,2022-04-12T13:00:28.458Z,0
8a0b,2022-03-19T12:00:11.259Z,0
3d6d,2022-11-14T12:30:40.140Z,0
d39a,2022-04-05T08:00:19.574Z,0
8a0b,2022-10-11T03:15:59.636Z,0
cfd3,2022-12-08T09:29:31.213Z,0
cfd3,2022-07-19T09:45:32.227Z,0
57aa,2022-09-10T09:00:58.771Z,0
460a,2022-11-20T12:52:29.061Z,1
d39a,2022-06-27T08:00:19.368Z,0
57aa,2022-06-13T09:00:25.193Z,0
c8cc,2022-05-08T12:00:01.361Z,0
2ff8,2022-05-02T13:00:39.171Z,0
c8cc,2022-11-26T03:30:07.136Z,0
3d6d,2022-01-13T11:30:18.160Z,0
d5fe,2022-01-30T13:55:12.192Z,1
460a,2022-02-22T18:59:13.716Z,0
d39a,2022-07-01T11:15:45.177Z,0
bfbf,2022-09-03T10:00:53.831Z,1
c8cc,2022-05-12T12:00:01.503Z,0
f45d,2022-01-28T10:45:33.148Z,0
78c0,2022-09-14T08:01:36.022Z,0
7f96,2022-05-02T16:00:40.247Z,0
cfd3,2022-07-02T11:45:32.458Z,0
3d6d,2022-01-15T11:30:18.145Z,0
c963,2022-09-06T11:40:40.342Z,0
cfd3,2022-03-02T09:45:32.206Z,0
57aa,2022-03-17T09:00:25.388Z,0
cfd3,2022-10-21T10:29:31.154Z,0
684d,2022-03-30T10:56:17.597Z,1
d39a,2022-02-21T11:15:45.301Z,0
8a0b,2022-03-06T12:00:11.200Z,0
d39a,2022-08-19T08:00:19.240Z,0
684d,2022-07-11T10:49:03.587Z,1
f45d,2022-11-23T10:45:33.334Z,0
f45d,2022-01-21T10:45:33.274Z,0
bfbf,2022-01-08T10:11:49.556Z,0
cfd3,2022-03-20T09:45:32.273Z,0
57aa,2022-11-04T09:00:25.314Z,0
c8cc,2022-05-14T12:00:01.373Z,0
6c0a,2022-06-14T03:15:44.242Z,0
684d,2022-04-02T10:46:47.932Z,1
8a0b,2022-03-21T12:00:11.290Z,0
78c0,2022-08-06T08:00:44.123Z,0
cfd3,2022-04-30T11:45:32.245Z,0
6c0a,2022-07-18T03:15:44.270Z,0
cfd3,2022-04-24T09:45:32.295Z,0
c69d,2022-01-19T13:33:37.640Z,0
c963,2022-05-24T11:40:40.308Z,0
8a0b,2022-08-21T12:00:54.137Z,0
f45d,2022-03-14T10:45:33.188Z,0
8a0b,2022-02-27T12:00:11.091Z,0
78c0,2022-06-11T08:00:44.245Z,0
78c0,2022-11-01T08:00:44.206Z,0
f45d,2022-08-22T10:45:33.237Z,0
bfbf,2022-03-26T10:00:10.102Z,1
684d,2022-07-18T10:57:42.694Z,1
cfd3,2022-06-01T09:45:32.160Z,0
460a,2022-08-04T12:40:32.437Z,0
3d6d,2022-04-25T12:30:40.134Z,0
bec2,2022-02-07T14:20:37.256Z,0
bfbf,2022-05-09T10:09:49.141Z,1
cfd3,2022-01-11T11:45:32.191Z,0
78c0,2022-05-02T08:00:44.175Z,0
bfbf,2022-02-18T10:00:10.482Z,1
c8cc,2022-08-28T12:00:27.790Z,0
cfd3,2022-02-05T10:45:32.141Z,0
684d,2022-04-16T10:30:19.458Z,1
2ff8,2022-07-26T13:00:39.458Z,0
bfbf,2022-07-24T10:09:16.813Z,1
d39a,2022-04-04T11:15:45.196Z,0
c8cc,2022-10-04T12:00:01.159Z,0
57aa,2022-05-04T09:01:51.012Z,1
684d,2022-05-28T10:57:00.916Z,1
f45d,2022-04-18T10:45:33.388Z,0
f45d,2022-04-16T10:45:33.254Z,0
684d,2022-03-28T10:55:39.835Z,1
7f96,2022-08-29T16:02:29.372Z,0
cfd3,2022-04-05T09:45:32.101Z,0
57aa,2022-04-16T09:00:25.182Z,1
684d,2022-10-01T10:30:19.210Z,0
d5fe,2022-01-29T16:58:42.532Z,1
c963,2022-02-14T00:58:21.052Z,0
dee5,2022-10-02T11:30:53.938Z,0
460a,2022-05-02T12:40:05.167Z,0
f45d,2022-10-18T10:46:14.071Z,0
8a0b,2022-10-07T05:08:36.899Z,0
3d6d,2022-03-27T12:30:40.232Z,0
a841,2022-02-11T22:35:50.788Z,0
684d,2022-04-06T10:30:19.200Z,1
bfbf,2022-04-24T10:09:32.486Z,1
c963,2022-06-19T11:40:40.371Z,0
d39a,2022-11-12T08:00:19.218Z,0
cfd3,2022-06-25T11:45:32.103Z,0
f45d,2022-07-03T10:45:33.217Z,0
cfd3,2022-07-30T11:29:31.197Z,0
d8f3,2022-02-02T12:30:30.171Z,0
78c0,2022-06-22T08:00:44.255Z,0
f45d,2022-03-20T10:45:33.254Z,0
cfd3,2022-01-07T11:45:32.242Z,0
c8cc,2022-08-27T12:00:09.940Z,0
c8cc,2022-07-27T12:00:01.187Z,0
8a0b,2022-08-31T12:00:11.153Z,0
3d6d,2022-11-25T12:30:40.273Z,0
c963,2022-02-11T16:28:49.118Z,0
78c0,2022-07-06T08:00:44.252Z,0
c963,2022-05-11T11:40:40.500Z,0
6c0a,2022-03-07T03:15:44.264Z,0
bfbf,2022-02-20T10:08:21.557Z,1
57aa,2022-04-19T09:02:01.690Z,1
d5fe,2022-01-31T01:43:21.847Z,1
bfbf,2022-08-16T10:00:59.660Z,1
8a0b,2022-09-08T12:00:11.297Z,0
2ff8,2022-02-26T13:00:39.358Z,0
c8cc,2022-10-30T03:30:07.299Z,0
3d6d,2022-01-18T11:30:18.121Z,0
277c,2022-05-29T13:00:28.308Z,0
57aa,2022-04-30T09:00:25.137Z,1
57aa,2022-10-10T09:00:25.192Z,0
bfbf,2022-09-04T10:00:10.170Z,1
cfd3,2022-10-15T09:29:31.251Z,0
c8cc,2022-05-03T12:00:01.175Z,0
bfbf,2022-06-18T10:00:10.268Z,1
cfd3,2022-05-04T11:45:32.273Z,0
dee5,2022-11-20T11:30:24.418Z,0
cfd3,2022-11-30T11:29:31.463Z,0
8a0b,2022-10-22T03:15:10.161Z,0
d39a,2022-02-24T11:15:45.123Z,0
d8f3,2022-07-20T12:30:30.255Z,0
dee5,2022-11-15T11:30:24.546Z,0
684d,2022-08-30T10:58:56.981Z,1
277c,2022-12-04T13:00:28.259Z,0
684d,2022-07-14T10:30:19.104Z,1
cfd3,2022-03-03T11:45:32.179Z,0
dee5,2022-01-12T11:30:24.170Z,0
c963,2022-06-15T11:40:40.311Z,0
3d6d,2022-08-22T12:31:28.791Z,0
57aa,2022-05-26T09:00:25.153Z,0
57aa,2022-04-17T09:00:25.266Z,1
6c0a,2022-08-25T03:15:44.169Z,0
d5fe,2022-02-07T12:30:01.280Z,1
f45d,2022-09-24T10:46:11.821Z,0
460a,2022-09-12T12:42:52.493Z,0
277c,2022-01-17T11:10:26.091Z,0
684d,2022-04-09T10:47:09.776Z,1
8a0b,2022-03-22T12:00:11.473Z,0
684d,2022-04-21T10:56:43.021Z,1
57aa,2022-08-26T09:00:55.659Z,0
d39a,2022-06-04T08:00:19.561Z,0
d39a,2022-02-14T11:15:45.155Z,0
f45d,2022-02-02T10:45:33.386Z,0
d39a,2022-06-21T08:00:19.562Z,0
460a,2022-07-28T12:40:17.646Z,0
277c,2022-06-30T13:00:28.408Z,0
cfd3,2022-05-02T09:45:32.417Z,0
684d,2022-10-08T10:31:33.291Z,0
c963,2022-02-28T08:08:47.378Z,0
684d,2022-06-25T10:30:19.120Z,1
684d,2022-05-11T10:48:48.366Z,1
684d,2022-04-22T10:30:19.402Z,1
bfbf,2022-05-21T10:00:10.110Z,1
57aa,2022-09-19T09:00:25.347Z,0
684d,2022-06-15T10:39:34.443Z,1
78c0,2022-09-02T08:02:34.757Z,0
c8cc,2022-05-24T12:00:01.497Z,0
cfd3,2022-09-11T10:29:31.275Z,1
684d,2022-05-21T10:30:19.180Z,1
78c0,2022-05-06T08:00:44.257Z,0
b4b1,2022-02-17T20:46:15.309Z,0
d39a,2022-10-18T08:02:46.408Z,0
c8cc,2022-02-02T12:00:01.178Z,0
684d,2022-03-21T10:57:58.513Z,1
684d,2022-07-12T10:49:10.337Z,1
d39a,2022-06-03T08:00:19.350Z,0
684d,2022-08-20T10:58:58.878Z,1
78c0,2022-01-06T08:00:44.173Z,0
684d,2022-03-03T10:47:36.280Z,1
c963,2022-09-12T11:40:40.450Z,0
cfd3,2022-08-02T10:29:31.223Z,0
cfd3,2022-08-14T11:29:31.114Z,0
cfd3,2022-11-02T10:29:31.243Z,0
c963,2022-03-19T11:40:40.385Z,0
277c,2022-07-22T13:00:28.214Z,0
277c,2022-05-30T13:00:28.206Z,0
dee5,2022-09-26T11:30:55.562Z,0
cfd3,2022-08-01T11:29:31.262Z,0
684d,2022-03-29T10:30:19.160Z,1
8a0b,2022-09-11T12:01:06.372Z,0
684d,2022-07-30T10:39:38.909Z,1
f45d,2022-02-05T10:45:33.390Z,0
8a0b,2022-07-20T12:00:28.319Z,0
cfd3,2022-01-19T10:45:32.105Z,0
cfd3,2022-01-05T09:45:32.238Z,0
684d,2022-05-02T10:47:19.897Z,1
d8f3,2022-03-01T12:30:30.259Z,0
d5fe,2022-02-09T02:06:20.660Z,1
cfd3,2022-03-24T11:45:32.322Z,0
78c0,2022-12-04T08:00:44.112Z,0
d39a,2022-06-16T08:00:19.320Z,0
8a0b,2022-11-09T03:15:10.232Z,0
d39a,2022-06-01T08:00:19.419Z,0
460a,2022-06-24T12:39:51.697Z,0
cfd3,2022-03-24T09:45:32.299Z,0
dee5,2022-08-20T11:30:24.265Z,0
cfd3,2022-06-24T09:45:32.374Z,0
d39a,2022-04-22T08:00:19.406Z,0
bfbf,2022-05-09T10:00:10.093Z,1
d8f3,2022-08-03T12:30:30.237Z,0
2ff8,2022-06-28T13:00:39.217Z,0
cfd3,2022-06-26T11:45:32.134Z,0
f45d,2022-05-09T10:45:33.234Z,0
c963,2022-10-28T11:40:40.262Z,0
d39a,2022-08-06T11:15:45.219Z,0
cfd3,2022-04-18T09:45:32.457Z,0
57aa,2022-09-04T09:00:25.218Z,0
2ff8,2022-01-22T13:00:39.454Z,0
277c,2022-03-29T13:00:28.289Z,0
c8cc,2022-02-26T12:00:01.207Z,0
684d,2022-05-27T10:57:57.528Z,1
78c0,2022-01-08T08:00:44.140Z,0
3d6d,2022-07-29T12:30:40.262Z,0
d39a,2022-10-15T08:00:19.300Z,0
d8f3,2022-01-30T12:30:30.435Z,0
460a,2022-12-03T12:55:43.124Z,1
3d6d,2022-02-03T12:30:40.143Z,0
d8f3,2022-11-30T12:30:30.248Z,0
cfd3,2022-03-13T09:45:32.337Z,0
8a0b,2022-08-14T12:00:11.208Z,0
78c0,2022-05-21T08:00:44.299Z,0
bfbf,2022-12-04T10:30:03.250Z,0
d39a,2022-03-30T08:00:19.469Z,0
78c0,2022-06-26T08:00:44.370Z,0
57aa,2022-01-14T09:00:25.242Z,0
f45d,2022-07-28T10:45:33.277Z,0
460a,2022-11-18T12:50:15.725Z,1
d39a,2022-12-06T11:15:45.096Z,0
57aa,2022-08-10T09:00:58.736Z,0
d39a,2022-07-06T11:15:45.494Z,0
277c,2022-06-22T13:00:28.176Z,0
c963,2022-06-20T11:40:40.320Z,0
57aa,2022-04-16T09:04:17.498Z,1
cfd3,2022-01-21T09:45:32.362Z,0
c963,2022-08-18T11:40:40.399Z,0
d8f3,2022-02-06T12:30:30.471Z,0
3d6d,2022-11-01T12:30:40.169Z,0
d39a,2022-07-26T08:00:19.400Z,0
c963,2022-10-31T11:40:40.375Z,0
f45d,2022-04-03T10:45:33.282Z,0
d39a,2022-04-25T08:00:19.328Z,0
277c,2022-06-02T13:00:28.276Z,0
d39a,2022-05-31T11:15:45.191Z,0
d8f3,2022-08-25T12:31:09.256Z,0
d39a,2022-04-08T11:15:45.109Z,0
460a,2022-05-27T12:43:16.614Z,0
6c0a,2022-10-08T03:15:44.260Z,0
cfd3,2022-07-19T11:45:32.231Z,0
cfd3,2022-04-07T10:45:32.282Z,0
6c0a,2022-07-11T03:15:44.290Z,0
460a,2022-10-18T12:46:41.568Z,1
2ff8,2022-10-04T13:00:39.224Z,0
277c,2022-02-28T12:30:12.236Z,0
c963,2022-07-18T11:40:40.362Z,0
cfd3,2022-09-10T09:29:31.134Z,0
cfd3,2022-08-10T10:29:31.104Z,0
78c0,2022-10-06T08:01:38.336Z,0
277c,2022-08-11T13:01:03.679Z,0
d8f3,2022-07-18T12:30:30.420Z,0
684d,2022-04-06T10:38:55.869Z,1
cfd3,2022-05-29T09:45:32.088Z,0
684d,2022-02-14T10:38:24.959Z,1
4886,2022-04-26T15:50:56.421Z,1
684d,2022-07-02T10:58:17.389Z,1
d39a,2022-04-26T11:15:45.395Z,0
78c0,2022-05-05T08:00:44.139Z,0
684d,2022-08-19T10:40:36.913Z,1
bfbf,2022-06-04T10:09:41.338Z,1
2ff8,2022-01-16T13:00:39.283Z,0
8a0b,2022-01-28T12:00:11.097Z,0
cfd3,2022-08-24T11:29:31.122Z,0
cfd3,2022-04-10T10:45:32.422Z,0
dee5,2022-01-28T11:30:24.263Z,0
d8f3,2022-04-28T12:30:30.146Z,0
d5fe,2022-01-21T23:47:31.174Z,0
c963,2022-03-17T11:40:40.253Z,0
3d6d,2022-08-13T12:30:40.265Z,0
78c0,2022-06-19T08:00:44.144Z,0
d39a,2022-07-07T08:00:19.446Z,0
684d,2022-02-21T10:55:21.214Z,1
cfd3,2022-12-01T11:29:31.246Z,0
78c0,2022-01-13T08:00:44.336Z,0
57aa,2022-02-18T09:00:25.383Z,0
bfbf,2022-09-30T10:00:30.078Z,0
c963,2022-10-22T11:40:40.271Z,0
684d,2022-07-06T10:58:58.756Z,1
cfd3,2022-05-13T09:45:32.342Z,0
c8cc,2022-08-14T12:00:01.308Z,0
d39a,2022-11-02T11:15:45.250Z,0
3d6d,2022-06-21T12:30:40.313Z,0
cfd3,2022-10-28T11:29:31.269Z,0
3d6d,2022-09-01T12:31:25.345Z,0
3d6d,2022-11-04T12:30:40.189Z,0
2ff8,2022-05-14T13:00:39.271Z,0
684d,2022-07-17T10:30:19.264Z,1
57aa,2022-09-13T09:00:25.175Z,0
6c0a,2022-06-25T03:15:44.286Z,0
57aa,2022-08-03T09:00:25.473Z,0
684d,2022-07-28T10:49:26.699Z,1
bfbf,2022-07-23T10:00:10.468Z,1
cfd3,2022-03-27T09:45:32.137Z,0
cfd3,2022-10-11T10:29:31.150Z,0
78c0,2022-02-28T08:00:44.214Z,0
3d6d,2022-02-22T12:30:40.424Z,0
277c,2022-11-28T13:00:28.237Z,0
d8f3,2022-06-17T12:30:30.477Z,0
bec2,2022-02-07T02:01:47.490Z,1
c963,2022-02-22T19:59:36.285Z,1
c8cc,2022-09-19T12:00:01.152Z,0
d39a,2022-04-15T08:00:19.450Z,0
bfbf,2022-06-19T10:10:12.805Z,1
cfd3,2022-11-23T09:29:31.396Z,0
f45d,2022-01-22T10:45:33.160Z,0
57aa,2022-10-28T09:00:25.242Z,0
cfd3,2022-05-18T09:45:32.434Z,0
277c,2022-09-05T13:01:02.598Z,0
78c0,2022-11-27T08:00:44.135Z,0
d5fe,2022-01-29T14:56:07.411Z,1
8a0b,2022-05-04T12:00:11.315Z,1
460a,2022-07-15T12:39:17.818Z,0
cfd3,2022-10-14T11:29:31.157Z,0
bfbf,2022-03-08T10:00:10.230Z,1
c963,2022-06-13T11:40:40.332Z,0
684d,2022-07-15T10:49:36.052Z,1
f45d,2022-05-07T10:45:33.453Z,0
dee5,2022-02-08T11:30:24.465Z,0
d8f3,2022-08-11T12:30:30.160Z,0
c8cc,2022-06-01T12:00:01.425Z,0
57aa,2022-02-11T09:35:59.073Z,0
f45d,2022-02-12T10:45:33.174Z,0
bfbf,2022-07-08T10:00:10.264Z,1
d39a,2022-04-09T11:15:45.128Z,0
bfbf,2022-04-03T10:00:10.133Z,1
57aa,2022-11-10T09:00:25.171Z,0
57aa,2022-08-25T09:00:25.364Z,0
8a0b,2022-08-30T12:00:11.244Z,0
277c,2022-02-11T11:10:26.348Z,1
6c0a,2022-03-23T03:15:44.136Z,0
460a,2022-06-08T12:39:59.585Z,0
d39a,2022-08-07T08:00:19.516Z,0
684d,2022-05-18T10:30:19.172Z,1
277c,2022-05-12T13:00:28.302Z,0
dee5,2022-11-23T11:30:24.297Z,0
460a,2022-05-13T12:40:09.454Z,0
d8f3,2022-01-17T12:30:30.390Z,0
684d,2022-05-22T10:30:19.180Z,1
f45d,2022-08-31T10:46:14.020Z,0
bfbf,2022-08-04T10:10:40.127Z,1
8a0b,2022-04-19T12:05:46.457Z,1
684d,2022-01-15T10:30:19.417Z,0
3d6d,2022-05-04T12:30:40.301Z,0
cfd3,2022-04-07T11:45:32.276Z,0
684d,2022-07-22T10:30:19.427Z,1
dee5,2022-10-09T11:30:58.263Z,0
c963,2022-02-12T08:08:47.258Z,0
f45d,2022-10-22T10:45:33.205Z,0
d39a,2022-02-11T11:15:45.090Z,0
684d,2022-05-11T10:30:19.155Z,1
57aa,2022-04-30T09:02:58.741Z,1
cfd3,2022-05-25T11:45:32.191Z,0
277c,2022-02-15T11:10:26.212Z,0
cfd3,2022-10-31T09:29:31.300Z,0
6c0a,2022-04-05T03:15:44.174Z,0
bfbf,2022-03-23T10:00:10.314Z,1
d39a,2022-05-22T08:00:19.533Z,0
c8cc,2022-02-13T12:00:01.268Z,0
d39a,2022-03-24T08:00:19.577Z,0
2ff8,2022-07-20T13:00:39.308Z,0
684d,2022-03-25T10:47:44.247Z,1
cfd3,2022-06-02T11:45:32.450Z,0
78c0,2022-06-06T08:00:44.327Z,0
dee5,2022-11-06T11:30:24.396Z,0
d8f3,2022-07-28T12:30:30.158Z,0
684d,2022-06-01T10:57:14.095Z,1
cfd3,2022-02-21T09:45:32.237Z,0
bfbf,2022-07-04T10:00:10.158Z,1
277c,2022-09-10T13:00:28.273Z,0
57aa,2022-02-15T09:00:25.350Z,0
2ff8,2022-04-03T13:00:39.141Z,0
d8f3,2022-08-31T12:31:09.781Z,0
57aa,2022-01-20T09:00:25.330Z,0
f45d,2022-09-09T10:46:13.512Z,0
d39a,2022-03-20T11:15:45.344Z,0
cfd3,2022-11-24T10:29:31.199Z,0
78c0,2022-08-16T08:01:33.998Z,0
dee5,2022-05-03T11:30:24.399Z,0
cfd3,2022-02-13T09:45:32.435Z,0
2ff8,2022-07-06T13:00:39.143Z,0
c963,2022-05-15T11:40:40.331Z,0
8a0b,2022-12-09T03:15:10.155Z,0
684d,2022-06-23T10:49:33.146Z,1
f45d,2022-03-13T10:45:33.198Z,0
684d,2022-05-24T10:51:52.600Z,1
6c0a,2022-02-25T03:15:44.416Z,0
f45d,2022-10-11T10:46:12.901Z,0
bfbf,2022-04-26T10:09:46.742Z,1
d8f3,2022-05-23T12:30:30.133Z,0
684d,2022-02-07T10:30:19.211Z,0
684d,2022-04-26T10:48:56.345Z,1
2ff8,2022-08-01T13:00:39.129Z,0
b4b1,2022-02-21T21:43:00.929Z,0
2ff8,2022-08-08T13:01:26.758Z,0
277c,2022-05-06T13:00:28.182Z,0
c8cc,2022-03-12T12:00:01.244Z,0
684d,2022-09-03T10:30:19.111Z,1
dee5,2022-10-03T11:30:56.790Z,0
cfd3,2022-03-05T09:45:32.294Z,0
684d,2022-05-13T10:57:47.891Z,1
2ff8,2022-06-26T13:00:39.362Z,0
8a0b,2022-06-19T12:00:11.459Z,0
bfbf,2022-07-29T10:10:45.941Z,1
bfbf,2022-09-16T10:01:57.640Z,0
bfbf,2022-05-30T10:00:10.377Z,1
cfd3,2022-02-25T09:45:32.194Z,0
57aa,2022-11-22T09:00:25.798Z,0
684d,2022-05-24T11:00:38.368Z,1
cfd3,2022-01-24T09:45:32.395Z,0
3d6d,2022-04-27T12:30:40.219Z,0
bfbf,2022-02-10T10:07:24.751Z,1
d39a,2022-12-01T08:00:47.642Z,0
d39a,2022-01-17T11:15:45.136Z,0
684d,2022-06-16T10:30:19.291Z,1
cfd3,2022-03-20T10:45:32.155Z,0
9c0a,2022-01-25T18:17:54.729Z,1
cfd3,2022-10-08T10:29:31.092Z,0
cfd3,2022-11-12T11:29:31.200Z,0
c8cc,2022-12-06T03:30:07.230Z,0
cfd3,2022-07-21T09:45:32.243Z,0
cfd3,2022-02-16T09:45:32.318Z,0
c8cc,2022-10-13T03:31:00.829Z,0
d8f3,2022-05-27T12:30:30.123Z,0
dee5,2022-10-24T11:30:24.263Z,0
78c0,2022-05-19T08:00:44.171Z,0
78c0,2022-03-16T08:00:44.234Z,0
3d6d,2022-11-22T12:30:40.151Z,0
2ff8,2022-10-06T13:00:39.159Z,0
d8f3,2022-05-16T12:30:30.310Z,0
57aa,2022-04-13T09:03:58.659Z,1
dee5,2022-05-15T11:30:24.198Z,0
78c0,2022-05-12T08:00:44.253Z,0
6c0a,2022-01-26T03:15:44.308Z,0
bfbf,2022-09-07T10:14:44.067Z,1
57aa,2022-04-23T09:04:45.626Z,1
d39a,2022-09-19T11:16:39.213Z,0
57aa,2022-05-08T09:00:25.256Z,0
cfd3,2022-02-10T11:45:32.265Z,0
684d,2022-06-12T10:48:14.858Z,1
57aa,2022-05-02T09:00:25.264Z,1
460a,2022-09-05T12:45:05.395Z,1
460a,2022-03-20T12:32:58.802Z,0
bfbf,2022-11-22T10:30:03.149Z,0
c8cc,2022-04-27T12:00:01.251Z,0
cfd3,2022-10-20T10:29:31.139Z,0
3d6d,2022-03-05T12:30:40.237Z,0
277c,2022-08-04T13:00:28.118Z,0
78c0,2022-10-14T08:01:34.382Z,0
57aa,2022-09-07T09:00:25.198Z,0
d39a,2022-11-29T08:00:45.856Z,0
cfd3,2022-09-21T09:29:31.145Z,0
6c0a,2022-11-23T03:15:44.172Z,0
6c0a,2022-03-16T03:15:44.475Z,0
460a,2022-08-11T12:43:22.314Z,1
cfd3,2022-08-14T10:29:31.109Z,0
dee5,2022-02-25T11:30:24.296Z,0
684d,2022-07-29T10:59:16.337Z,1
d8f3,2022-10-21T12:30:30.277Z,0
c963,2022-03-18T11:40:40.442Z,0
460a,2022-08-06T12:44:45.881Z,0
684d,2022-04-14T10:48:09.942Z,1
7f96,2022-08-01T16:00:40.125Z,0
3d6d,2022-10-22T12:30:40.328Z,0
c8cc,2022-07-07T12:00:01.193Z,0
cfd3,2022-03-14T11:45:32.131Z,0
cfd3,2022-02-24T10:45:32.138Z,0
d39a,2022-09-11T08:01:23.707Z,0
460a,2022-04-14T12:37:01.959Z,0
bfbf,2022-09-26T10:00:10.211Z,0
c8cc,2022-01-28T12:00:01.098Z,0
c963,2022-05-18T11:40:40.274Z,0
d39a,2022-03-13T11:15:45.150Z,0
460a,2022-03-24T12:36:26.662Z,0
684d,2022-07-20T10:39:33.042Z,1
d5fe,2022-01-22T15:43:17.268Z,1
bfbf,2022-03-04T10:00:10.155Z,1
684d,2022-06-17T10:58:15.698Z,1
2ff8,2022-03-22T13:00:39.186Z,0
2ff8,2022-05-26T13:00:39.228Z,0
d8f3,2022-05-06T12:30:30.249Z,0
cfd3,2022-07-09T11:45:32.374Z,0
78c0,2022-02-19T08:00:44.106Z,0
684d,2022-07-05T10:58:17.228Z,1
dee5,2022-11-24T11:30:24.092Z,0
684d,2022-07-27T10:59:30.629Z,1
8a0b,2022-03-10T12:00:11.223Z,0
d39a,2022-03-06T08:00:19.357Z,0
f45d,2022-02-18T10:45:33.246Z,0
f45d,2022-05-28T10:45:33.249Z,0
c963,2022-02-01T08:08:12.428Z,0
6c0a,2022-03-13T03:15:44.114Z,0
277c,2022-05-26T13:00:28.340Z,0
277c,2022-09-23T13:00:28.262Z,0
684d,2022-02-15T10:38:26.993Z,1
c8cc,2022-11-04T03:30:07.247Z,0
cfd3,2022-05-06T09:45:32.278Z,0
2ff8,2022-05-29T13:00:39.082Z,0
684d,2022-05-19T10:49:15.723Z,1
6c0a,2022-07-30T03:15:44.336Z,0
277c,2022-11-22T13:00:28.159Z,0
57aa,2022-04-22T09:04:09.833Z,1
2ff8,2022-09-18T13:01:26.766Z,0
d8f3,2022-06-25T12:30:30.361Z,0
cfd3,2022-05-01T10:45:32.183Z,0
cfd3,2022-07-04T09:45:32.339Z,0
f45d,2022-08-04T10:45:33.253Z,0
684d,2022-03-01T10:54:15.681Z,1
684d,2022-03-30T10:47:51.947Z,1
d39a,2022-06-05T11:15:45.181Z,0
c963,2022-08-08T11:40:40.528Z,0
460a,2022-02-02T10:38:48.334Z,1
cfd3,2022-01-28T09:45:32.398Z,0
dee5,2022-01-10T11:30:24.099Z,0
cfd3,2022-05-08T11:45:32.377Z,0
c963,2022-09-11T11:40:40.281Z,0
684d,2022-02-12T10:30:19.478Z,1
f45d,2022-11-25T10:45:33.407Z,0
3d6d,2022-02-17T12:30:40.286Z,0
6c0a,2022-06-26T03:15:44.339Z,0
cfd3,2022-07-06T11:45:32.145Z,0
d39a,2022-01-08T08:00:19.523Z,0
cfd3,2022-05-24T09:45:32.101Z,0
277c,2022-11-20T13:01:04.247Z,0
cfd3,2022-01-17T11:45:32.435Z,0
684d,2022-01-22T10:30:19.251Z,0
bfbf,2022-07-16T10:09:27.068Z,1
cfd3,2022-03-31T11:45:32.366Z,0
277c,2022-09-22T13:00:28.187Z,0
d8f3,2022-02-14T12:30:30.463Z,0
cfd3,2022-04-04T11:45:32.122Z,0
277c,2022-02-16T11:10:26.128Z,0
d5fe,2022-01-30T00:49:23.710Z,0
57aa,2022-04-21T09:03:15.800Z,1
460a,2022-06-21T12:41:55.075Z,1
cfd3,2022-01-26T11:45:32.313Z,0
8a0b,2022-01-16T12:00:11.479Z,0
78c0,2022-04-29T08:00:44.196Z,0
57aa,2022-06-01T09:00:25.258Z,0
c963,2022-05-21T11:40:40.361Z,0
d39a,2022-03-15T11:15:45.155Z,0
684d,2022-05-05T10:39:54.369Z,1
684d,2022-03-04T10:30:19.342Z,1
f45d,2022-10-01T10:46:12.486Z,0
3d6d,2022-01-22T11:30:18.489Z,0
57aa,2022-06-02T09:00:25.409Z,0
f45d,2022-02-22T10:45:33.200Z,0
bfbf,2022-05-02T10:08:51.402Z,1
460a,2022-05-29T12:42:55.286Z,0
8a0b,2022-08-26T12:02:37.074Z,0
460a,2022-03-03T15:37:42.922Z,0
d8f3,2022-10-04T12:31:05.876Z,0
c8cc,2022-08-05T12:00:01.229Z,0
3d6d,2022-03-22T12:30:40.242Z,0
cfd3,2022-10-01T10:29:31.205Z,0
d8f3,2022-01-26T12:30:30.327Z,0
cfd3,2022-02-01T11:45:32.298Z,0
3d6d,2022-08-10T12:31:29.611Z,0
d5fe,2022-02-07T13:08:41.045Z,0
8a0b,2022-08-09T12:00:29.032Z,0
3d6d,2022-07-23T12:30:40.181Z,0
d39a,2022-08-28T11:16:36.608Z,0
8a0b,2022-07-31T12:00:11.199Z,0
460a,2022-06-26T12:41:38.411Z,0
277c,2022-06-26T13:00:28.406Z,0
2ff8,2022-04-30T13:00:39.254Z,0
277c,2022-07-16T13:00:28.179Z,0
3d6d,2022-08-27T12:31:25.949Z,0
57aa,2022-02-17T09:00:25.368Z,0
d39a,2022-02-13T08:00:19.529Z,0
57aa,2022-09-18T09:00:58.066Z,0
684d,2022-04-09T10:55:20.093Z,1
d39a,2022-03-24T11:15:45.186Z,0
57aa,2022-05-18T09:00:25.381Z,0
cfd3,2022-05-01T11:45:32.376Z,0
d39a,2022-07-24T11:15:45.122Z,0
9c0a,2022-01-25T18:14:37.830Z,1
dee5,2022-03-02T11:30:24.382Z,0
f45d,2022-05-05T10:45:33.409Z,0
2ff8,2022-01-26T13:00:39.110Z,0
8a0b,2022-04-18T12:03:10.180Z,1
3d6d,2022-04-26T12:30:40.302Z,0
f45d,2022-03-22T10:45:33.131Z,0
d39a,2022-08-29T11:15:45.252Z,0
277c,2022-07-12T13:00:28.266Z,0
78c0,2022-01-22T08:00:44.213Z,0
cfd3,2022-10-23T11:29:31.145Z,0
d8f3,2022-03-23T12:30:30.462Z,0
d39a,2022-03-29T11:15:45.084Z,0
3d6d,2022-02-28T12:30:40.227Z,0
277c,2022-11-29T13:00:28.163Z,0
a82a,2022-04-12T19:10:13.429Z,1
684d,2022-04-18T10:39:11.521Z,1
cfd3,2022-01-06T09:45:32.177Z,0
d39a,2022-07-20T11:15:45.200Z,0
2ff8,2022-08-30T13:00:39.257Z,0
d39a,2022-03-19T11:15:45.116Z,0
bfbf,2022-01-13T10:00:10.136Z,1
8a0b,2022-05-03T12:00:11.254Z,1
684d,2022-02-01T10:42:07.892Z,0
8a0b,2022-04-18T12:00:11.298Z,1
460a,2022-10-25T12:53:42.400Z,0
bfbf,2022-06-02T10:00:10.153Z,1
d39a,2022-12-08T11:15:45.284Z,0
d8f3,2022-07-09T12:30:30.129Z,0
bfbf,2022-03-11T10:09:11.184Z,1
57aa,2022-09-09T09:00:25.152Z,0
57aa,2022-08-29T09:00:58.266Z,0
c8cc,2022-09-13T12:00:01.243Z,0
f45d,2022-07-22T10:45:33.131Z,0
6c0a,2022-10-23T03:15:44.127Z,0
d8f3,2022-08-30T12:31:05.943Z,0
2ff8,2022-02-20T13:00:39.199Z,0
c963,2022-02-22T18:41:51.955Z,0
277c,2022-11-01T13:00:28.203Z,0
78c0,2022-11-22T08:00:44.112Z,0
684d,2022-02-14T10:54:48.579Z,1
cfd3,2022-06-07T09:45:32.186Z,0
dee5,2022-03-01T11:30:24.477Z,0
277c,2022-03-20T13:00:28.175Z,0
f45d,2022-12-04T10:45:33.288Z,0
bfbf,2022-03-16T10:00:10.189Z,1
684d,2022-04-03T10:55:28.422Z,1
d39a,2022-08-26T08:00:19.383Z,0
57aa,2022-05-06T09:00:25.468Z,0
8a0b,2022-07-07T12:00:11.589Z,0
684d,2022-03-06T10:46:59.716Z,1
dee5,2022-04-11T11:30:24.269Z,0
cfd3,2022-03-21T11:45:32.119Z,0
78c0,2022-04-16T08:00:44.137Z,0
bfbf,2022-06-15T10:00:10.433Z,1
3d6d,2022-05-30T12:30:40.157Z,0
3d6d,2022-01-10T11:30:18.176Z,0
277c,2022-11-12T13:01:04.793Z,0
d8f3,2022-03-31T12:30:30.180Z,0
8a0b,2022-01-23T12:00:11.421Z,0
8a0b,2022-04-25T12:04:40.602Z,1
684d,2022-09-03T10:57:47.210Z,1
8a0b,2022-04-01T12:00:11.113Z,0
dee5,2022-03-21T11:30:24.249Z,0
cfd3,2022-07-16T11:45:32.289Z,0
460a,2022-10-06T12:49:28.922Z,1
684d,2022-11-26T10:30:19.276Z,0
d39a,2022-08-13T11:16:39.033Z,0
277c,2022-12-01T13:00:28.461Z,0
57aa,2022-03-25T09:00:25.292Z,0
c963,2022-06-11T11:40:40.513Z,0
277c,2022-01-10T11:10:26.164Z,1
d8f3,2022-10-19T12:31:07.857Z,0
d39a,2022-06-13T11:15:45.260Z,0
6c0a,2022-03-20T03:15:44.277Z,0
277c,2022-04-30T13:00:28.153Z,0
cfd3,2022-09-15T09:29:31.146Z,0
684d,2022-05-29T10:38:49.071Z,1
cfd3,2022-03-26T11:45:32.080Z,0
57aa,2022-03-20T09:00:25.417Z,0
cfd3,2022-01-08T11:45:32.391Z,0
dee5,2022-01-13T11:30:24.196Z,0
6c0a,2022-07-10T03:15:44.221Z,0
c8cc,2022-09-23T12:00:01.220Z,0
d5fe,2022-02-08T11:59:38.496Z,0
8a0b,2022-01-19T12:00:11.307Z,0
684d,2022-09-06T10:59:27.382Z,1
3d6d,2022-10-01T12:31:30.078Z,0
6c0a,2022-02-24T03:15:44.163Z,0
78c0,2022-11-18T08:00:44.228Z,0
bfbf,2022-05-27T10:00:10.110Z,1
684d,2022-05-04T10:39:24.122Z,1
d39a,2022-07-26T11:15:45.230Z,0
cfd3,2022-10-22T09:29:31.438Z,0
8a0b,2022-03-09T12:00:11.117Z,0
3d6d,2022-08-26T12:32:34.678Z,0
d39a,2022-02-02T08:00:19.302Z,0
78c0,2022-01-17T08:00:44.146Z,0
d39a,2022-11-04T11:15:45.145Z,0
cfd3,2022-05-03T10:45:32.221Z,0
cfd3,2022-12-09T10:29:31.148Z,0
f45d,2022-02-27T10:45:33.291Z,0
dee5,2022-09-22T11:30:24.144Z,0
bfbf,2022-02-14T10:00:10.186Z,1
cfd3,2022-08-04T09:29:31.480Z,0
dee5,2022-08-18T11:30:24.128Z,0
78c0,2022-05-13T08:00:44.218Z,0
cfd3,2022-10-18T11:29:31.117Z,0
c963,2022-08-05T11:40:40.373Z,0
277c,2022-07-20T13:00:28.208Z,1
cfd3,2022-03-22T09:45:32.291Z,0
8a0b,2022-05-28T12:00:11.464Z,0
d39a,2022-07-25T11:15:45.250Z,0
277c,2022-06-09T13:00:28.394Z,0
684d,2022-05-15T10:47:12.699Z,1
684d,2022-04-28T10:39:32.890Z,1
6c0a,2022-04-29T03:15:44.252Z,0
bfbf,2022-08-28T10:09:53.987Z,1
3d6d,2022-11-16T12:30:40.254Z,0
bfbf,2022-09-05T10:02:16.630Z,1
8a0b,2022-04-16T12:05:38.468Z,1
277c,2022-02-07T11:10:26.250Z,1
2ff8,2022-09-20T13:00:39.283Z,0
d8f3,2022-02-10T12:30:30.127Z,0
684d,2022-08-14T10:49:36.628Z,1
cfd3,2022-07-09T09:45:32.152Z,0
d39a,2022-07-16T11:15:45.194Z,0
6c0a,2022-09-01T03:16:34.276Z,0
d39a,2022-08-03T11:15:45.223Z,0
277c,2022-04-11T13:00:28.388Z,0
684d,2022-08-22T10:41:30.804Z,1
d39a,2022-04-18T08:00:19.317Z,0
57aa,2022-03-08T09:00:25.436Z,0
684d,2022-04-29T10:48:32.607Z,1
bfbf,2022-02-09T10:07:30.194Z,1
684d,2022-11-10T10:30:19.195Z,0
cfd3,2022-03-17T10:45:32.200Z,0
d39a,2022-11-28T11:15:45.127Z,0
d39a,2022-02-17T08:00:19.299Z,0
277c,2022-10-04T13:01:06.274Z,0
bfbf,2022-06-12T10:09:27.660Z,1
684d,2022-09-27T10:30:47.603Z,0
bfbf,2022-05-01T10:00:10.157Z,1
bfbf,2022-08-24T10:09:58.849Z,1
bfbf,2022-02-17T10:00:10.406Z,1
277c,2022-06-08T13:00:28.211Z,0
78c0,2022-04-21T08:00:44.128Z,0
cfd3,2022-03-05T10:45:32.212Z,0
c8cc,2022-01-21T12:00:01.366Z,0
cfd3,2022-11-02T11:29:31.245Z,0
6c0a,2022-02-22T03:15:44.138Z,0
dee5,2022-05-01T11:30:24.223Z,0
cfd3,2022-10-09T11:29:31.100Z,0
684d,2022-01-28T10:30:19.351Z,0
6c0a,2022-05-08T03:15:44.163Z,0
684d,2022-05-28T10:48:13.142Z,1
57aa,2022-02-24T09:00:25.416Z,0
cfd3,2022-06-14T11:45:32.417Z,0
684d,2022-12-05T10:30:19.144Z,0
3d6d,2022-04-14T12:30:40.085Z,0
57aa,2022-09-01T09:00:59.632Z,0
7f96,2022-05-23T16:00:40.116Z,0
d39a,2022-08-25T11:15:45.358Z,0
57aa,2022-11-01T09:00:57.307Z,0
684d,2022-06-26T10:57:32.886Z,1
d8f3,2022-06-08T12:30:30.424Z,0
cfd3,2022-03-08T09:45:32.333Z,0
bfbf,2022-11-02T10:30:03.183Z,0
3d6d,2022-11-23T12:30:40.254Z,0
684d,2022-07-18T10:39:57.365Z,1
3d6d,2022-03-10T12:30:40.162Z,0
dee5,2022-04-23T11:30:24.440Z,0
6c0a,2022-06-24T03:15:44.453Z,0
2ff8,2022-07-21T13:00:39.116Z,0
d39a,2022-08-31T11:15:45.275Z,0
cfd3,2022-02-16T10:45:32.105Z,0
c963,2022-07-15T11:40:40.407Z,0
684d,2022-08-09T10:49:49.886Z,1
684d,2022-03-27T10:47:25.383Z,1
d8f3,2022-07-14T12:30:30.209Z,0
bfbf,2022-05-15T10:09:10.647Z,1
cfd3,2022-09-18T11:29:31.168Z,0
c8cc,2022-10-09T03:30:21.287Z,0
f45d,2022-10-30T10:45:33.262Z,0
d8f3,2022-06-26T12:30:30.235Z,0
2ff8,2022-08-13T13:00:39.329Z,0
8a0b,2022-12-08T03:15:10.332Z,0
c8cc,2022-12-04T03:30:07.248Z,0
3d6d,2022-07-27T12:30:40.181Z,0
684d,2022-02-23T10:38:54.418Z,1
cfd3,2022-07-13T09:45:32.082Z,0
3d6d,2022-08-25T12:31:30.255Z,0
684d,2022-06-05T10:47:43.054Z,1
cfd3,2022-09-17T09:29:31.162Z,0
3d6d,2022-03-17T12:30:40.156Z,0
bfbf,2022-03-13T10:08:30.741Z,1
6c0a,2022-08-13T03:16:36.752Z,0
cfd3,2022-05-06T11:45:32.362Z,0
f45d,2022-05-20T10:45:33.443Z,0
d8f3,2022-10-10T12:31:06.944Z,0
c963,2022-07-12T11:40:40.512Z,0
277c,2022-07-13T13:00:28.164Z,0
cfd3,2022-08-06T09:29:31.123Z,0
277c,2022-01-09T11:10:26.269Z,0
2ff8,2022-05-23T13:00:39.312Z,0
684d,2022-06-19T10:40:04.326Z,1
684d,2022-08-12T10:30:19.115Z,1
d5fe,2022-02-06T03:53:10.444Z,1
2ff8,2022-11-14T13:00:39.222Z,0
bfbf,2022-03-24T10:00:10.221Z,1
684d,2022-09-04T10:49:31.248Z,1
cfd3,2022-04-23T09:45:32.292Z,0
c8cc,2022-03-17T12:00:01.359Z,0
f45d,2022-09-10T10:45:33.248Z,0
3d6d,2022-07-07T12:30:40.355Z,0
d39a,2022-05-03T11:15:45.083Z,0
bfbf,2022-08-29T10:00:56.109Z,1
3d6d,2022-08-29T12:31:25.646Z,0
f45d,2022-08-01T10:45:33.207Z,0
d8f3,2022-09-03T12:30:30.275Z,0
460a,2022-02-10T04:26:03.886Z,0
cfd3,2022-09-23T11:29:31.149Z,0
cfd3,2022-10-02T11:29:31.170Z,0
cfd3,2022-01-23T11:45:32.265Z,0
c8cc,2022-05-13T12:00:01.493Z,0
684d,2022-08-15T10:39:53.923Z,1
6c0a,2022-11-01T03:15:44.146Z,0
c963,2022-10-21T11:40:40.267Z,0
684d,2022-05-22T10:40:10.726Z,1
7f96,2022-01-24T16:00:40.267Z,0
9259-0adf,2022-05-25T21:18:03.245Z,1
c8cc,2022-03-01T12:00:01.132Z,0
dee5,2022-11-14T11:30:24.248Z,0
d8f3,2022-10-03T12:31:08.603Z,0
d39a,2022-04-03T11:15:45.161Z,0
684d,2022-03-20T10:55:43.958Z,1
cfd3,2022-05-03T11:45:32.225Z,0
684d,2022-06-14T10:30:19.293Z,1
f45d,2022-11-01T10:45:33.266Z,0
d5fe,2022-01-27T01:45:26.387Z,0
684d,2022-05-01T10:47:20.065Z,1
d39a,2022-08-12T11:16:37.993Z,0
684d,2022-05-16T10:39:42.496Z,1
8a0b,2022-07-25T12:00:11.250Z,0
c963,2022-02-26T08:08:47.332Z,0
d8f3,2022-09-20T12:30:30.099Z,0
dee5,2022-02-12T11:30:24.266Z,0
d39a,2022-09-23T08:00:19.332Z,0
57aa,2022-12-03T09:00:25.204Z,0
dee5,2022-07-30T11:30:24.364Z,0
dee5,2022-04-17T11:30:24.229Z,0
460a,2022-10-17T12:48:00.990Z,1
684d,2022-05-28T10:39:21.994Z,1
6c0a,2022-05-10T03:15:44.274Z,0
f45d,2022-07-06T10:45:33.470Z,0
d39a,2022-05-01T11:15:45.201Z,0
78c0,2022-02-24T08:00:44.465Z,0
d5fe,2022-01-30T13:47:42.943Z,1
57aa,2022-03-21T09:00:25.115Z,0
f45d,2022-05-26T10:45:33.243Z,0
78c0,2022-03-27T08:00:44.212Z,0
f45d,2022-10-27T10:45:33.109Z,0
cfd3,2022-08-26T10:29:31.290Z,0
dee5,2022-06-15T11:30:24.177Z,0
d8f3,2022-02-07T12:30:30.374Z,0
bfbf,2022-02-01T10:00:10.215Z,0
57aa,2022-02-10T09:00:25.279Z,1
c963,2022-05-03T11:40:40.378Z,0
684d,2022-04-10T10:30:19.389Z,1
cfd3,2022-11-29T11:29:31.148Z,0
684d,2022-06-29T10:30:19.343Z,1
3d6d,2022-04-02T12:30:40.134Z,0
57aa,2022-05-15T09:00:25.297Z,0
684d,2022-08-06T10:30:19.089Z,1
3d6d,2022-09-29T12:31:27.287Z,0
c8cc,2022-10-05T04:18:42.851Z,0
f45d,2022-11-22T10:45:33.308Z,0
57aa,2022-09-28T09:00:58.918Z,0
78c0,2022-03-12T08:00:44.097Z,0
2ff8,2022-08-11T13:00:39.205Z,0
a841,2022-02-11T22:20:35.698Z,1
78c0,2022-12-03T08:00:44.308Z,0
bfbf,2022-02-02T10:00:10.193Z,1
bfbf,2022-07-21T10:09:50.186Z,1
2ff8,2022-01-28T13:00:39.242Z,0
460a,2022-09-14T12:46:03.350Z,1
bfbf,2022-07-01T10:10:00.421Z,1
8a0b,2022-08-25T12:00:11.379Z,0
f45d,2022-03-29T10:45:33.136Z,0
277c,2022-04-17T13:00:28.397Z,1
277c,2022-01-29T11:10:26.074Z,1
cfd3,2022-07-15T10:45:32.227Z,0
bfbf,2022-10-17T10:30:15.131Z,0
460a,2022-08-31T12:44:28.432Z,1
277c,2022-11-17T13:01:06.031Z,0
cfd3,2022-06-08T11:45:32.305Z,0
2ff8,2022-03-09T13:00:39.393Z,0
d5fe,2022-02-16T23:48:57.658Z,0
cfd3,2022-02-19T11:45:32.360Z,0
3d6d,2022-11-06T12:30:40.231Z,0
c963,2022-08-16T11:40:40.346Z,0
78c0,2022-09-22T08:02:39.159Z,0
dee5,2022-08-29T11:30:56.489Z,0
78c0,2022-09-27T08:02:35.080Z,0
f45d,2022-10-09T10:45:33.095Z,0
8a0b,2022-04-30T12:02:11.943Z,1
bfbf,2022-09-10T10:01:05.189Z,0
bfbf,2022-04-14T10:00:10.281Z,1
dee5,2022-02-22T11:30:24.124Z,0
3d6d,2022-11-09T12:30:40.155Z,0
9c0a,2022-01-25T07:53:46.639Z,1
6c0a,2022-11-03T03:15:44.261Z,0
c963,2022-02-14T05:51:21.061Z,1
cfd3,2022-03-26T10:45:32.131Z,0
684d,2022-01-26T10:30:19.372Z,0
684d,2022-06-13T10:49:06.750Z,1
cfd3,2022-10-06T10:29:31.229Z,0
57aa,2022-02-21T09:00:25.403Z,0
d5fe,2022-02-09T05:15:05.853Z,1
c963,2022-02-10T03:36:17.146Z,1
c963,2022-06-07T11:40:40.319Z,0
460a,2022-02-02T10:41:40.719Z,0
78c0,2022-09-18T08:01:34.489Z,0
c963,2022-01-30T23:15:36.225Z,0
c963,2022-05-14T11:40:40.399Z,0
684d,2022-04-25T10:56:15.431Z,1
8a0b,2022-04-15T12:00:11.286Z,1
cfd3,2022-02-03T09:45:32.198Z,0
684d,2022-03-16T10:49:00.964Z,1
d8f3,2022-08-13T12:30:30.210Z,0
684d,2022-04-02T10:38:28.762Z,1
bfbf,2022-04-20T10:09:56.986Z,1
6c0a,2022-03-05T03:15:44.190Z,0
d39a,2022-09-18T11:16:39.323Z,0
cfd3,2022-09-29T11:29:31.116Z,0
8a0b,2022-04-18T12:01:52.976Z,1
c8cc,2022-04-20T12:00:01.356Z,0
57aa,2022-10-14T09:01:47.238Z,0
cfd3,2022-05-03T09:45:32.278Z,0
f45d,2022-07-18T10:45:33.125Z,0
c69d,2022-01-19T14:57:02.530Z,0
8a0b,2022-06-04T12:00:11.385Z,0
277c,2022-04-03T13:00:28.364Z,0
6c0a,2022-10-24T03:15:44.216Z,0
cfd3,2022-05-10T10:45:32.144Z,0
bfbf,2022-06-11T10:00:10.438Z,1
1416,2022-02-09T20:23:09.475Z,1
57aa,2022-11-21T09:00:25.353Z,0
2ff8,2022-02-14T13:00:39.176Z,0
cfd3,2022-03-15T11:45:32.175Z,0
684d,2022-11-16T10:30:19.260Z,0
d39a,2022-09-04T11:16:38.612Z,0
78c0,2022-02-11T08:00:44.359Z,0
cfd3,2022-07-06T10:45:32.321Z,0
c8cc,2022-10-05T04:08:55.973Z,1
bfbf,2022-06-21T10:00:10.240Z,1
684d,2022-08-14T10:58:22.194Z,1
684d,2022-03-04T10:39:08.236Z,1
d39a,2022-02-26T11:15:45.278Z,0
c8cc,2022-04-25T12:00:01.330Z,0
684d,2022-01-20T10:30:19.230Z,0
78c0,2022-02-20T08:00:44.443Z,0
684d,2022-02-03T10:30:19.118Z,0
2ff8,2022-10-26T13:00:39.198Z,0
684d,2022-08-31T10:40:06.432Z,1
8a0b,2022-05-05T12:00:11.126Z,0
277c,2022-11-14T13:00:28.170Z,0
277c,2022-01-26T11:10:26.470Z,1
f45d,2022-07-04T10:45:33.173Z,0
dee5,2022-05-02T11:30:24.300Z,0
c963,2022-02-28T10:02:21.388Z,0
cfd3,2022-09-12T11:29:31.149Z,0
2ff8,2022-07-14T13:00:39.431Z,0
6c0a,2022-09-27T03:16:35.837Z,0
d39a,2022-06-28T11:15:45.258Z,0
684d,2022-06-20T10:58:53.350Z,1
684d,2022-03-19T10:46:58.880Z,1
dee5,2022-07-26T11:30:24.110Z,0
277c,2022-02-09T11:10:26.437Z,1
f45d,2022-07-20T10:45:33.149Z,0
460a,2022-07-10T12:41:03.323Z,1
6c0a,2022-09-05T03:16:34.417Z,0
57aa,2022-05-31T09:00:25.273Z,0
2ff8,2022-08-20T13:01:25.435Z,0
d5fe,2022-02-03T17:20:55.626Z,0
78c0,2022-04-03T08:00:44.451Z,0
684d,2022-05-13T10:39:39.938Z,1
78c0,2022-05-31T08:00:44.491Z,0
3d6d,2022-11-18T12:30:40.205Z,0
cfd3,2022-06-13T11:45:32.116Z,0
d39a,2022-10-03T11:15:45.155Z,0
f45d,2022-06-06T10:45:33.297Z,0
c8cc,2022-08-09T12:00:01.292Z,0
cfd3,2022-03-16T11:45:32.199Z,0
d5fe,2022-02-09T02:24:19.113Z,0
460a,2022-11-23T12:50:17.784Z,1
bfbf,2022-03-06T10:08:57.478Z,1
d39a,2022-09-18T08:01:29.049Z,0
d39a,2022-06-10T08:00:19.365Z,0
cfd3,2022-09-02T10:29:31.285Z,0
3d6d,2022-06-28T12:30:40.144Z,0
d39a,2022-07-11T11:15:45.156Z,0
78c0,2022-05-17T08:00:44.548Z,0
277c,2022-08-22T13:00:28.298Z,0
460a,2022-05-08T12:40:24.992Z,0
684d,2022-03-03T10:30:19.304Z,1
277c,2022-08-29T13:01:04.938Z,0
d39a,2022-05-29T08:00:19.452Z,0
6c0a,2022-06-16T03:15:44.216Z,0
277c,2022-05-21T13:00:28.223Z,0
2ff8,2022-10-10T13:02:24.236Z,0
f45d,2022-06-27T10:45:33.087Z,0
bfbf,2022-09-20T10:00:27.136Z,0
78c0,2022-03-31T08:00:44.289Z,0
c963,2022-08-20T11:40:40.250Z,0
277c,2022-05-22T13:00:28.296Z,0
3d6d,2022-09-16T12:30:40.251Z,0
3d6d,2022-12-07T12:30:40.134Z,0
c963,2022-07-09T11:40:40.335Z,0
f45d,2022-02-28T10:45:33.379Z,0
d39a,2022-07-30T11:15:45.470Z,0
c963,2022-11-24T11:40:40.399Z,0
f45d,2022-11-28T10:45:33.170Z,0
78c0,2022-12-05T08:00:44.244Z,0
d8f3,2022-10-05T12:31:06.806Z,0
78c0,2022-09-13T08:01:34.766Z,0
dee5,2022-06-19T11:30:24.282Z,0
8a0b,2022-06-27T12:00:11.144Z,0
bfbf,2022-05-08T10:00:10.236Z,1
bfbf,2022-09-06T10:10:42.888Z,1
c8cc,2022-10-12T03:30:51.477Z,0
d8f3,2022-03-19T12:30:30.335Z,0
7f96,2022-07-11T16:00:40.236Z,0
bfbf,2022-04-13T10:08:45.198Z,1
d39a,2022-02-13T11:15:45.293Z,0
cfd3,2022-03-28T10:45:32.271Z,0
460a,2022-02-02T16:28:32.046Z,0
cfd3,2022-05-01T09:45:32.163Z,0
cfd3,2022-01-07T09:45:32.299Z,0
78c0,2022-08-20T08:01:33.500Z,0
78c0,2022-08-29T08:01:35.256Z,0
2ff8,2022-09-16T13:01:27.561Z,0
3d6d,2022-07-28T12:30:40.154Z,0
3d6d,2022-10-20T12:30:40.134Z,0
6c0a,2022-02-28T03:15:44.404Z,0
f45d,2022-09-17T10:45:33.263Z,0
3d6d,2022-02-15T12:30:40.289Z,0
684d,2022-04-30T10:30:19.279Z,1
d5fe,2022-01-30T15:03:58.585Z,0
684d,2022-08-23T10:30:19.238Z,1
b4b1,2022-02-22T16:50:45.803Z,0
d8f3,2022-10-31T12:30:30.096Z,0
cfd3,2022-06-20T10:45:32.280Z,0
c8cc,2022-03-06T12:00:01.187Z,0
cfd3,2022-05-19T09:45:32.233Z,0
3d6d,2022-06-25T12:30:40.201Z,0
d8f3,2022-05-20T12:30:30.178Z,0
684d,2022-05-02T10:39:15.452Z,1
d39a,2022-11-19T11:15:45.177Z,0
684d,2022-03-17T10:55:47.922Z,1
d8f3,2022-06-15T12:30:30.112Z,0
dee5,2022-11-17T11:30:24.381Z,0
2ff8,2022-11-02T13:01:25.128Z,0
cfd3,2022-09-06T09:29:31.166Z,0
f45d,2022-08-27T10:46:13.293Z,0
78c0,2022-03-17T08:00:44.216Z,0
d8f3,2022-05-03T12:30:30.270Z,0
460a,2022-04-03T12:37:00.798Z,0
684d,2022-08-31T10:30:19.239Z,1
684d,2022-10-21T10:30:19.167Z,0
c963,2022-07-10T11:40:40.465Z,0
dee5,2022-01-16T11:30:24.291Z,0
684d,2022-02-23T10:55:56.264Z,1
cfd3,2022-02-26T11:45:32.232Z,0
bfbf,2022-05-13T10:00:10.431Z,1
d39a,2022-03-18T11:15:45.254Z,0
3d6d,2022-08-09T12:30:40.132Z,0
f45d,2022-03-31T10:45:33.085Z,0
684d,2022-02-13T10:30:19.220Z,1
2ff8,2022-02-19T13:00:39.182Z,0
d39a,2022-09-05T11:16:37.082Z,0
684d,2022-03-10T10:55:51.519Z,1
c963,2022-08-24T11:40:40.246Z,0
277c,2022-09-11T15:52:35.585Z,1
c963,2022-08-25T11:40:40.521Z,0
c8cc,2022-02-23T12:00:01.580Z,0
6c0a,2022-12-04T03:15:44.185Z,0
460a,2022-12-09T12:56:25.855Z,1
cfd3,2022-09-30T10:29:31.142Z,0
684d,2022-11-22T10:30:19.215Z,0
cfd3,2022-06-07T10:45:32.108Z,0
2ff8,2022-04-21T13:00:39.348Z,0
d8f3,2022-04-03T12:30:30.199Z,0
cfd3,2022-10-24T10:29:31.182Z,0
2ff8,2022-10-01T13:02:27.281Z,0
684d,2022-08-05T10:59:13.570Z,1
cfd3,2022-04-27T11:45:32.155Z,0
2ff8,2022-02-09T13:00:39.338Z,0
cfd3,2022-03-06T10:45:32.261Z,0
78c0,2022-02-05T08:00:44.240Z,0
bfbf,2022-03-07T10:00:10.167Z,1
f45d,2022-07-27T10:45:33.150Z,0
684d,2022-06-10T10:30:19.298Z,1
d39a,2022-11-22T11:15:45.112Z,0
8a0b,2022-02-24T12:00:11.116Z,0
cfd3,2022-01-28T11:45:32.297Z,0
f45d,2022-01-18T10:45:33.155Z,0
d39a,2022-08-11T11:16:40.246Z,0
cfd3,2022-07-09T10:45:32.439Z,0
684d,2022-06-14T10:39:52.269Z,1
684d,2022-08-07T10:57:57.728Z,1
f45d,2022-11-11T10:45:33.204Z,0
c8cc,2022-03-04T12:00:01.454Z,0
bfbf,2022-03-21T10:00:10.129Z,1
cfd3,2022-06-15T09:45:32.120Z,0
c8cc,2022-03-31T12:00:01.469Z,0
7d68,2022-02-18T15:33:34.455Z,0
6c0a,2022-12-06T03:15:44.219Z,0
684d,2022-08-04T10:40:10.516Z,1
d39a,2022-05-20T11:15:45.167Z,0
684d,2022-11-15T10:30:19.302Z,0
684d,2022-05-14T10:30:19.237Z,1
cfd3,2022-07-18T11:45:32.139Z,0
d39a,2022-01-18T08:00:19.268Z,0
d5fe,2022-01-21T14:26:38.540Z,0
d39a,2022-01-07T08:00:19.314Z,0
684d,2022-02-27T10:30:19.293Z,1
57aa,2022-11-15T09:00:25.305Z,0
bfbf,2022-07-27T10:10:16.863Z,1
684d,2022-01-09T10:30:19.174Z,0
d8f3,2022-08-09T12:30:30.252Z,0
f45d,2022-04-12T10:45:33.429Z,0
277c,2022-02-13T11:10:26.242Z,0
8a0b,2022-10-07T05:54:02.203Z,0
d39a,2022-12-06T08:00:19.279Z,0
2ff8,2022-02-16T13:00:39.361Z,0
bfbf,2022-02-10T10:00:10.176Z,1
57aa,2022-08-01T09:00:25.149Z,0
dee5,2022-07-05T11:30:24.465Z,0
57aa,2022-07-19T09:00:25.244Z,0
6c0a,2022-06-23T03:15:44.226Z,0
dee5,2022-11-22T11:30:24.201Z,0
57aa,2022-04-20T09:02:54.453Z,1
d39a,2022-03-23T11:15:45.140Z,0
6c0a,2022-02-06T03:15:44.472Z,0
d5fe,2022-01-29T14:32:47.107Z,1
b4b1,2022-02-17T20:11:50.045Z,1
f45d,2022-05-10T10:45:33.238Z,0
f45d,2022-08-17T10:46:12.985Z,0
f45d,2022-08-11T10:45:33.281Z,0
684d,2022-07-17T10:48:09.978Z,1
277c,2022-10-15T13:01:01.975Z,0
2ff8,2022-12-09T13:00:39.430Z,0
78c0,2022-01-09T08:00:44.140Z,0
bfbf,2022-04-17T10:08:56.930Z,1
3d6d,2022-03-09T12:30:40.165Z,0
684d,2022-07-24T10:39:46.420Z,1
d8f3,2022-11-17T12:30:30.469Z,0
460a,2022-08-22T12:49:23.905Z,0
d8f3,2022-04-14T12:30:30.276Z,0
57aa,2022-03-16T09:00:25.187Z,0
f45d,2022-02-03T10:45:33.210Z,0
78c0,2022-04-19T08:00:44.257Z,0
bfbf,2022-08-22T10:11:40.276Z,1
684d,2022-02-26T10:53:42.440Z,1
460a,2022-05-25T12:39:04.544Z,0
460a,2022-10-10T12:48:15.056Z,1
cfd3,2022-03-30T10:45:32.377Z,0
f45d,2022-06-19T10:45:33.131Z,0
bfbf,2022-02-18T10:08:15.977Z,1
460a,2022-06-25T12:40:04.985Z,0
bfbf,2022-10-23T10:30:03.316Z,0
dee5,2022-03-20T11:30:24.237Z,0
cfd3,2022-02-17T11:45:32.088Z,0
460a,2022-11-01T12:52:35.726Z,1
cfd3,2022-03-04T10:45:32.331Z,0
cfd3,2022-11-16T09:29:31.138Z,0
57aa,2022-08-06T09:00:25.368Z,0
684d,2022-10-07T10:30:46.048Z,0
277c,2022-02-02T11:10:26.250Z,1
57aa,2022-01-19T09:00:25.460Z,0
c8cc,2022-02-03T12:00:01.372Z,0
c963,2022-09-04T11:40:40.295Z,0
bfbf,2022-03-14T10:08:57.780Z,1
57aa,2022-04-25T09:01:49.290Z,1
cfd3,2022-05-21T11:45:32.079Z,0
684d,2022-03-29T10:38:25.525Z,1
dee5,2022-03-14T11:30:24.184Z,0
d39a,2022-05-21T08:00:19.281Z,0
684d,2022-06-11T10:39:42.262Z,1
2ff8,2022-02-27T13:00:39.258Z,0
d39a,2022-05-18T11:15:45.118Z,0
684d,2022-08-21T10:40:33.850Z,1
d39a,2022-02-09T11:15:45.215Z,0
d39a,2022-09-07T11:16:39.974Z,0
d39a,2022-06-01T11:15:45.363Z,0
7f96,2022-11-21T16:00:40.282Z,0
c963,2022-04-19T11:40:40.270Z,0
684d,2022-02-17T10:30:19.103Z,1
684d,2022-06-11T10:30:19.184Z,1
d5fe,2022-02-02T22:48:49.096Z,0
c8cc,2022-08-02T12:00:01.235Z,0
78c0,2022-10-18T08:02:39.095Z,0
8a0b,2022-08-03T12:00:29.475Z,0
d39a,2022-04-24T08:00:19.297Z,0
684d,2022-04-15T10:47:32.500Z,1
684d,2022-03-20T10:39:17.695Z,1
460a,2022-04-20T12:37:40.671Z,0
684d,2022-04-03T10:47:17.028Z,1
460a,2022-08-29T12:44:05.578Z,0
78c0,2022-04-08T08:00:44.423Z,0
d39a,2022-08-10T11:15:45.315Z,0
8a0b,2022-07-18T12:00:29.671Z,0
c963,2022-02-27T08:08:47.224Z,0
78c0,2022-04-27T08:00:44.260Z,0
57aa,2022-06-03T09:00:25.111Z,0
8a0b,2022-07-17T12:00:11.347Z,0
6c0a,2022-02-15T03:15:44.141Z,0
cfd3,2022-01-22T10:45:32.461Z,0
3d6d,2022-02-10T12:30:40.286Z,0
d5fe,2022-01-21T21:29:04.700Z,1
c963,2022-06-16T11:40:40.253Z,0
d8f3,2022-09-01T12:31:06.749Z,0
684d,2022-04-08T10:30:19.447Z,1
684d,2022-07-16T10:30:19.378Z,1
57aa,2022-01-24T09:00:25.264Z,0
bfbf,2022-11-30T10:30:03.261Z,0
6c0a,2022-06-05T03:15:44.147Z,0
cfd3,2022-10-30T10:29:31.092Z,0
3d6d,2022-06-27T12:30:40.355Z,0
c8cc,2022-02-28T12:00:01.194Z,0
cfd3,2022-09-28T11:29:31.140Z,0
c8cc,2022-01-07T12:00:01.310Z,0
c8cc,2022-06-11T12:00:01.471Z,0
8a0b,2022-10-07T06:07:21.614Z,0
3d6d,2022-04-29T12:30:40.331Z,0
c963,2022-06-21T11:40:40.211Z,0
f45d,2022-04-14T10:45:33.251Z,0
684d,2022-08-03T11:00:23.625Z,1
684d,2022-07-03T10:57:16.568Z,1
2ff8,2022-03-13T13:00:39.084Z,0
8a0b,2022-08-19T12:01:06.401Z,0
cfd3,2022-09-24T11:29:31.386Z,0
cfd3,2022-07-17T09:45:32.467Z,0
78c0,2022-05-01T08:00:44.149Z,0
277c,2022-02-24T12:30:12.427Z,0
d39a,2022-04-05T11:15:45.108Z,0
cfd3,2022-10-20T11:29:31.119Z,0
684d,2022-02-25T10:30:19.091Z,1
2ff8,2022-09-12T13:00:39.265Z,0
8a0b,2022-07-10T12:00:11.275Z,0
6c0a,2022-02-02T03:15:44.245Z,0
dee5,2022-01-17T11:30:24.105Z,0
277c,2022-03-25T13:00:28.246Z,0
6c0a,2022-05-31T03:15:44.217Z,0
460a,2022-04-13T12:39:41.338Z,0
684d,2022-04-04T10:30:19.165Z,1
c8cc,2022-02-12T12:00:01.107Z,0
2ff8,2022-10-24T13:00:39.228Z,0
d5fe,2022-01-30T16:42:57.849Z,1
8a0b,2022-08-15T12:00:57.781Z,0
2ff8,2022-04-22T13:00:39.402Z,0
78c0,2022-03-08T08:00:44.294Z,0
78c0,2022-12-02T08:00:44.220Z,0
2ff8,2022-09-05T13:01:23.924Z,0
d8f3,2022-05-24T12:30:30.260Z,0
2ff8,2022-06-15T13:00:39.252Z,0
cfd3,2022-11-07T11:29:31.163Z,0
277c,2022-05-05T13:00:28.307Z,0
c963,2022-08-23T11:40:40.471Z,0
cfd3,2022-11-13T10:29:31.258Z,0
f45d,2022-09-19T10:46:12.406Z,0
57aa,2022-10-18T09:00:25.177Z,0
684d,2022-08-29T10:39:41.804Z,1
57aa,2022-01-13T09:00:25.217Z,0
78c0,2022-06-03T08:00:44.248Z,0
8a0b,2022-08-24T12:00:30.262Z,0
57aa,2022-04-18T09:00:25.338Z,1
3d6d,2022-10-24T12:30:40.118Z,0
78c0,2022-03-09T08:00:44.233Z,0
dee5,2022-05-29T11:30:24.344Z,0
f45d,2022-06-28T10:45:33.428Z,0
8a0b,2022-02-21T12:00:11.260Z,0
2ff8,2022-12-07T13:01:25.083Z,0
bfbf,2022-07-09T10:00:10.160Z,1
2ff8,2022-05-11T13:00:39.382Z,0
8a0b,2022-10-10T03:15:58.991Z,0
2ff8,2022-01-10T13:00:39.279Z,0
2ff8,2022-05-21T13:00:39.215Z,0
cfd3,2022-11-27T09:29:31.190Z,0
2ff8,2022-08-15T13:00:39.135Z,0
57aa,2022-02-09T09:00:25.264Z,1
d39a,2022-05-17T11:15:45.402Z,0
d39a,2022-08-27T11:15:45.306Z,0
bfbf,2022-04-04T10:08:51.856Z,1
cfd3,2022-03-25T11:45:32.277Z,0
bfbf,2022-08-27T10:00:10.244Z,1
c8cc,2022-03-05T12:00:01.219Z,0
c963,2022-11-10T11:40:40.338Z,0
57aa,2022-04-25T09:03:19.321Z,1
cfd3,2022-10-01T09:29:31.237Z,1
d8f3,2022-03-03T04:14:32.376Z,0
684d,2022-01-30T10:30:19.112Z,0
78c0,2022-09-04T08:01:37.435Z,0
460a,2022-10-05T12:45:20.091Z,1
bfbf,2022-08-16T10:12:05.921Z,1
cfd3,2022-06-06T11:45:32.185Z,0
f45d,2022-08-07T10:45:33.133Z,0
c8cc,2022-08-30T12:00:01.145Z,0
57aa,2022-04-14T09:00:25.152Z,1
78c0,2022-11-25T08:01:37.650Z,0
cfd3,2022-04-11T09:45:32.109Z,0
3d6d,2022-05-08T12:30:40.275Z,0
d39a,2022-01-26T11:15:45.421Z,0
d39a,2022-09-28T08:01:21.097Z,0
f45d,2022-02-26T10:45:33.203Z,0
684d,2022-02-27T10:38:37.576Z,1
c963,2022-02-24T10:20:32.517Z,0
cfd3,2022-04-08T11:45:32.267Z,0
57aa,2022-10-23T09:00:59.016Z,0
d39a,2022-11-20T08:00:19.472Z,0
d39a,2022-07-17T11:15:45.394Z,0
f45d,2022-11-26T10:45:33.203Z,0
d39a,2022-05-23T11:15:45.428Z,0
684d,2022-07-26T10:40:20.972Z,1
bfbf,2022-06-28T10:00:10.249Z,1
bfbf,2022-10-19T10:30:13.666Z,0
684d,2022-02-06T10:30:19.453Z,0
277c,2022-01-16T11:10:26.232Z,0
c963,2022-07-11T11:40:40.413Z,0
bfbf,2022-02-22T10:08:30.443Z,1
57aa,2022-11-28T09:01:00.128Z,0
277c,2022-09-15T13:00:28.127Z,0
684d,2022-03-18T10:47:18.407Z,1
f45d,2022-02-21T10:45:33.124Z,0
bfbf,2022-06-19T10:00:10.267Z,1
57aa,2022-07-02T09:00:25.101Z,0
f45d,2022-06-12T10:45:33.212Z,0
57aa,2022-06-07T09:00:25.416Z,0
d8f3,2022-11-04T12:30:30.228Z,0
57aa,2022-03-28T09:00:25.117Z,0
c8cc,2022-05-29T12:00:01.100Z,0
cfd3,2022-08-23T09:29:31.327Z,0
d8f3,2022-03-09T12:30:30.461Z,0
d8f3,2022-06-18T12:30:30.260Z,0
684d,2022-02-10T10:37:40.727Z,1
8a0b,2022-09-12T12:01:02.836Z,0
c963,2022-09-19T11:40:40.378Z,0
6c0a,2022-12-02T03:15:44.313Z,0
460a,2022-07-17T12:40:19.388Z,0
f45d,2022-11-08T10:45:33.195Z,0
d39a,2022-09-23T11:15:45.306Z,0
277c,2022-02-18T11:10:26.213Z,0
684d,2022-03-02T10:54:42.224Z,1
6c0a,2022-08-20T03:15:44.110Z,0
f45d,2022-02-19T10:45:33.088Z,0
3d6d,2022-10-14T12:31:29.855Z,0
cfd3,2022-07-03T11:45:32.297Z,0
6c0a,2022-04-15T03:15:44.276Z,0
cfd3,2022-03-25T09:45:32.350Z,0
57aa,2022-07-10T09:00:25.176Z,0
684d,2022-03-11T10:47:37.926Z,1
cfd3,2022-09-02T11:29:31.502Z,0
78c0,2022-05-16T08:00:44.144Z,0
684d,2022-08-21T10:58:45.456Z,1
3d6d,2022-02-01T12:30:40.414Z,0
6c0a,2022-07-21T03:15:44.347Z,0
8a0b,2022-02-06T12:00:11.258Z,0
6c0a,2022-02-16T03:15:44.086Z,0
3d6d,2022-11-26T12:30:40.106Z,0
c8cc,2022-05-17T12:00:01.361Z,0
277c,2022-05-07T13:00:28.345Z,0
2ff8,2022-12-06T13:01:25.020Z,0
dee5,2022-04-07T11:30:24.444Z,0
d8f3,2022-01-31T12:30:30.557Z,0
6c0a,2022-04-17T03:15:44.417Z,0
57aa,2022-11-11T09:00:25.187Z,0
dee5,2022-07-23T11:30:24.179Z,0
f45d,2022-05-12T10:45:33.129Z,0
c963,2022-09-29T11:40:40.268Z,0
78c0,2022-06-16T08:00:44.358Z,0
d8f3,2022-03-18T12:30:30.199Z,0
d39a,2022-07-27T08:00:19.602Z,0
c8cc,2022-12-03T03:30:07.200Z,0
3d6d,2022-01-30T12:30:40.333Z,0
57aa,2022-04-14T09:04:00.415Z,1
c99d,2022-03-31T17:04:27.944Z,0
cfd3,2022-07-29T10:29:31.378Z,0
684d,2022-05-05T10:30:19.275Z,1
3d6d,2022-09-11T12:31:29.591Z,0
cfd3,2022-05-07T10:45:32.294Z,0
460a,2022-02-23T21:52:37.065Z,0
57aa,2022-09-16T09:00:25.230Z,0
2ff8,2022-12-01T13:01:28.056Z,0
2ff8,2022-08-29T13:00:39.341Z,0
bec2,2022-02-07T13:56:56.971Z,1
bfbf,2022-06-06T10:09:12.769Z,1
dee5,2022-09-10T11:30:24.286Z,0
460a,2022-11-25T12:52:42.171Z,1
8a0b,2022-11-16T03:15:10.436Z,0
78c0,2022-07-15T08:00:44.315Z,0
684d,2022-04-11T10:30:19.133Z,1
d39a,2022-05-07T11:15:45.288Z,0
f45d,2022-02-13T10:45:33.079Z,0
cfd3,2022-09-04T10:29:31.183Z,0
3d6d,2022-12-05T12:30:40.142Z,0
8a0b,2022-02-22T12:00:11.259Z,0
f45d,2022-09-14T10:46:15.513Z,0
684d,2022-05-08T10:30:19.365Z,1
684d,2022-05-07T10:56:51.511Z,1
c963,2022-10-17T11:40:40.524Z,0
cfd3,2022-10-19T11:29:31.327Z,0
57aa,2022-10-22T09:00:56.640Z,0
d39a,2022-04-25T11:15:45.158Z,0
3d6d,2022-04-06T12:30:40.291Z,0
460a,2022-04-05T12:43:07.668Z,0
6c0a,2022-09-30T03:16:35.708Z,0
cfd3,2022-08-13T09:29:31.226Z,0
8a0b,2022-03-25T12:00:11.259Z,0
dee5,2022-10-07T11:30:24.177Z,0
57aa,2022-03-27T09:00:25.153Z,0
2ff8,2022-01-05T13:00:43.644Z,0
dee5,2022-01-14T11:30:24.114Z,0
8a0b,2022-02-25T12:00:11.286Z,0
cfd3,2022-03-12T10:45:32.274Z,0
c963,2022-06-02T11:40:40.550Z,0
d39a,2022-12-05T08:01:28.687Z,0
78c0,2022-03-05T08:00:44.182Z,0
cfd3,2022-11-11T09:29:31.286Z,0
d8f3,2022-11-28T12:30:30.139Z,0
684d,2022-05-12T10:49:09.761Z,1
d8f3,2022-06-11T12:30:30.123Z,0
cfd3,2022-09-03T09:29:31.243Z,0
c8cc,2022-06-06T12:00:01.269Z,0
3d6d,2022-01-25T11:30:18.347Z,0
c69d,2022-01-19T23:06:21.986Z,0
460a,2022-10-24T12:51:06.845Z,0
bfbf,2022-03-12T10:00:10.122Z,1
2ff8,2022-09-22T13:01:26.430Z,0
7f96,2022-02-07T16:00:40.370Z,0
78c0,2022-12-08T08:00:44.266Z,0
460a,2022-04-25T12:38:40.261Z,0
cfd3,2022-03-14T10:45:32.131Z,0
c8cc,2022-09-09T12:00:01.143Z,0
8a0b,2022-07-23T12:00:11.498Z,0
cfd3,2022-04-20T10:45:32.179Z,0
d39a,2022-06-06T08:00:19.467Z,0
f45d,2022-05-15T10:45:33.294Z,0
d8f3,2022-03-11T12:30:30.348Z,0
bfbf,2022-10-09T10:31:58.992Z,0
cfd3,2022-10-11T11:29:31.182Z,0
c8cc,2022-07-10T12:00:01.961Z,0
bfbf,2022-07-30T10:09:34.143Z,1
78c0,2022-08-12T08:01:35.514Z,0
684d,2022-08-25T10:30:19.223Z,1
78c0,2022-02-09T08:00:44.220Z,0
d8f3,2022-10-18T12:30:30.143Z,0
bfbf,2022-02-04T10:00:10.164Z,0
460a,2022-12-05T12:53:44.310Z,1
cfd3,2022-08-17T11:29:31.306Z,0
bfbf,2022-06-20T10:00:10.122Z,1
d8f3,2022-09-14T12:31:07.700Z,0
8a0b,2022-02-07T12:00:11.253Z,0
6c0a,2022-03-11T03:15:44.271Z,0
78c0,2022-10-08T08:01:37.560Z,0
2ff8,2022-08-24T13:00:39.109Z,0
c963,2022-09-17T11:40:40.267Z,0
78c0,2022-08-21T08:00:44.277Z,0
d8f3,2022-09-17T12:30:30.102Z,0
c8cc,2022-06-15T12:00:01.294Z,0
460a,2022-10-30T12:52:04.650Z,1
cfd3,2022-09-08T11:29:31.132Z,0
8a0b,2022-01-25T12:00:11.338Z,0
684d,2022-04-28T10:48:25.197Z,1
d8f3,2022-04-16T12:30:30.194Z,0
d39a,2022-10-09T08:00:43.846Z,0
cfd3,2022-06-12T11:45:32.374Z,0
277c,2022-03-23T13:00:28.263Z,0
cfd3,2022-10-08T09:29:31.105Z,0
8a0b,2022-07-12T12:00:11.273Z,0
a841,2022-02-11T23:24:36.228Z,0
2ff8,2022-10-08T13:01:26.665Z,0
3d6d,2022-01-28T11:30:18.104Z,0
460a,2022-04-08T12:38:03.341Z,0
684d,2022-02-17T10:54:13.844Z,1
bfbf,2022-06-20T10:10:14.056Z,1
8a0b,2022-06-26T12:00:11.173Z,0
c8cc,2022-10-18T03:30:07.090Z,0
d39a,2022-02-20T08:00:19.306Z,0
8a0b,2022-07-28T12:00:28.206Z,0
dee5,2022-02-13T11:30:24.429Z,0
dee5,2022-10-11T11:30:54.468Z,0
2ff8,2022-07-15T13:00:39.257Z,0
dee5,2022-02-01T11:30:24.455Z,0
c963,2022-03-16T11:40:40.387Z,0
bfbf,2022-03-10T10:00:10.093Z,1
bfbf,2022-04-21T10:00:10.278Z,1
cfd3,2022-10-08T11:29:31.300Z,0
684d,2022-02-17T10:38:30.439Z,1
684d,2022-03-02T10:30:19.197Z,1
684d,2022-08-16T10:49:33.537Z,1
d39a,2022-09-28T11:15:45.358Z,0
277c,2022-01-14T11:10:26.123Z,0
460a,2022-02-23T15:27:04.755Z,0
6c0a,2022-04-10T03:15:44.192Z,0
684d,2022-09-23T10:30:19.244Z,0
f45d,2022-09-25T10:46:13.626Z,0
3d6d,2022-08-07T12:30:40.123Z,0
cfd3,2022-06-09T10:45:32.263Z,0
3d6d,2022-10-13T12:30:40.272Z,0
f45d,2022-09-29T10:45:33.193Z,0
d5fe,2022-01-26T19:21:30.468Z,0
cfd3,2022-11-26T10:29:31.116Z,0
684d,2022-09-28T10:30:46.848Z,0
4886,2022-04-26T15:55:01.093Z,1
2ff8,2022-07-27T13:00:39.170Z,0
bfbf,2022-06-07T10:00:10.092Z,1
684d,2022-02-21T10:39:06.365Z,1
684d,2022-09-06T10:50:04.974Z,1
cfd3,2022-07-27T09:45:32.099Z,0
d5fe,2022-02-06T18:25:44.596Z,1
c8cc,2022-11-29T03:30:07.237Z,0
684d,2022-05-07T10:30:19.445Z,1
f45d,2022-05-22T10:45:33.236Z,0
6c0a,2022-03-03T03:15:44.470Z,0
bfbf,2022-11-18T10:30:03.215Z,0
684d,2022-04-17T10:30:19.260Z,1
3d6d,2022-10-10T12:31:25.674Z,0
6c0a,2022-11-21T03:15:44.141Z,0
684d,2022-07-04T10:57:57.336Z,1
460a,2022-02-23T19:05:12.544Z,0
dee5,2022-02-14T11:30:24.089Z,0
684d,2022-04-23T10:55:34.971Z,1
9259-0adf,2022-05-25T21:11:24.065Z,1
2ff8,2022-10-31T13:00:39.237Z,0
d39a,2022-01-08T11:15:45.203Z,0
d39a,2022-09-19T08:00:19.384Z,0
d5fe,2022-02-15T15:02:41.092Z,0
cfd3,2022-05-18T10:45:32.308Z,0
bfbf,2022-06-11T10:09:50.860Z,1
684d,2022-07-06T10:40:37.150Z,1
bfbf,2022-08-11T10:00:10.099Z,1
dee5,2022-09-16T11:30:58.146Z,0
3d6d,2022-06-01T12:30:40.500Z,0
78c0,2022-01-24T08:00:44.292Z,0
57aa,2022-04-27T09:02:55.442Z,1
d39a,2022-04-30T08:00:19.276Z,0
c8cc,2022-07-16T12:00:01.219Z,0
2ff8,2022-11-20T13:00:39.087Z,0
684d,2022-05-05T10:57:40.700Z,1
a841,2022-02-11T22:41:21.434Z,0
d39a,2022-10-27T08:00:19.366Z,0
bfbf,2022-11-28T10:30:03.141Z,0
c8cc,2022-10-02T12:00:01.372Z,0
6c0a,2022-07-26T03:15:44.144Z,0
3d6d,2022-12-04T12:30:40.100Z,0
684d,2022-03-26T10:48:07.479Z,1
57aa,2022-06-04T09:00:25.160Z,0
d39a,2022-07-12T11:15:45.382Z,0
d39a,2022-01-16T11:15:45.186Z,0
57aa,2022-11-05T09:00:57.920Z,0
dee5,2022-06-11T11:30:24.193Z,0
cfd3,2022-10-02T10:29:31.224Z,0
bfbf,2022-07-02T10:00:10.114Z,1
d8f3,2022-06-29T12:30:30.221Z,0
cfd3,2022-04-03T09:45:32.496Z,0
8a0b,2022-07-05T12:00:11.221Z,0
bfbf,2022-01-12T10:00:10.348Z,0
bfbf,2022-04-13T10:00:10.087Z,1
d39a,2022-01-09T08:00:19.279Z,0
2ff8,2022-01-27T13:00:39.202Z,0
d39a,2022-02-15T08:00:19.346Z,0
c8cc,2022-06-10T12:00:01.190Z,0
277c,2022-06-24T13:00:28.118Z,0
d39a,2022-09-15T08:00:47.476Z,0
6c0a,2022-11-28T03:15:44.520Z,0
277c,2022-12-02T13:00:28.120Z,0
2ff8,2022-04-24T13:00:39.104Z,0
cfd3,2022-05-08T09:45:32.478Z,0
c963,2022-10-26T11:40:41.038Z,0
cfd3,2022-09-14T11:29:31.258Z,0
cfd3,2022-01-21T10:45:32.196Z,0
684d,2022-03-17T10:47:30.416Z,1
6c0a,2022-10-20T03:15:44.108Z,0
cfd3,2022-09-20T10:29:31.187Z,0
cfd3,2022-06-16T09:45:32.271Z,0
c963,2022-11-16T11:40:40.419Z,0
c963,2022-07-22T11:40:40.479Z,0
f45d,2022-05-25T10:45:33.246Z,0
f45d,2022-10-13T10:46:14.536Z,0
dee5,2022-04-10T11:30:24.129Z,0
3d6d,2022-06-16T12:30:40.455Z,0
3d6d,2022-11-29T12:30:40.160Z,0
684d,2022-03-13T10:54:51.473Z,1
3d6d,2022-11-11T12:30:40.354Z,0
bfbf,2022-12-01T10:30:03.157Z,0
684d,2022-04-21T10:48:20.937Z,1
bfbf,2022-01-05T10:00:10.213Z,0
c8cc,2022-11-21T03:30:07.140Z,0
c963,2022-05-12T11:40:40.596Z,0
57aa,2022-11-17T09:00:25.220Z,0
57aa,2022-05-02T09:01:54.033Z,1
3d6d,2022-09-17T12:30:40.229Z,0
7f96,2022-03-21T16:00:40.190Z,0
c8cc,2022-05-02T12:00:01.167Z,0
684d,2022-10-05T10:31:27.966Z,0
cfd3,2022-02-23T10:45:32.242Z,0
bfbf,2022-07-19T10:09:59.138Z,1
dee5,2022-10-25T11:30:24.303Z,0
f45d,2022-12-09T10:45:33.177Z,0
cfd3,2022-07-17T10:45:32.213Z,0
d8f3,2022-02-22T12:30:30.236Z,0
57aa,2022-08-15T09:00:55.491Z,0
cfd3,2022-03-07T09:45:32.132Z,0
8a0b,2022-04-14T12:01:45.534Z,1
3da6,2022-01-29T18:26:12.364Z,1
684d,2022-03-24T10:30:19.283Z,1
8a0b,2022-08-06T12:00:11.463Z,0
684d,2022-03-23T10:47:35.450Z,1
3d6d,2022-10-15T12:31:28.267Z,0
c8cc,2022-03-19T12:00:01.305Z,0
78c0,2022-10-21T08:00:44.300Z,0
c963,2022-10-20T11:40:40.425Z,0
8a0b,2022-05-14T12:00:11.125Z,0
684d,2022-07-05T10:39:44.790Z,1
684d,2022-03-05T10:54:57.915Z,1
bfbf,2022-05-23T10:00:10.109Z,1
2ff8,2022-10-09T13:00:40.195Z,0
bfbf,2022-06-26T10:10:15.269Z,1
277c,2022-08-16T13:00:28.345Z,0
3d6d,2022-09-18T12:31:27.727Z,0
cfd3,2022-02-07T11:45:32.081Z,0
78c0,2022-01-11T08:00:44.381Z,0
bfbf,2022-01-29T10:07:56.477Z,0
6c0a,2022-04-12T03:15:44.429Z,0
8a0b,2022-06-23T12:00:11.456Z,0
3d6d,2022-05-14T12:30:40.129Z,0
c963,2022-10-02T11:40:40.334Z,0
dee5,2022-02-16T11:30:24.459Z,0
bfbf,2022-02-15T10:00:10.251Z,1
d39a,2022-05-16T08:00:19.329Z,0
c8cc,2022-04-09T12:00:01.342Z,0
460a,2022-06-12T12:39:36.118Z,0
6c0a,2022-08-29T03:15:44.214Z,0
2ff8,2022-04-01T13:00:39.326Z,0
8a0b,2022-04-27T12:03:36.667Z,1
bfbf,2022-05-20T10:00:10.265Z,1
684d,2022-03-27T10:39:14.546Z,1
460a,2022-08-03T12:41:57.725Z,0
460a,2022-06-18T12:40:07.272Z,0
d39a,2022-01-25T08:00:19.365Z,0
684d,2022-05-11T10:57:34.759Z,1
684d,2022-09-05T10:49:30.613Z,1
bfbf,2022-01-30T10:09:47.390Z,0
684d,2022-07-26T10:59:36.859Z,1
c8cc,2022-07-02T12:00:01.490Z,0
cfd3,2022-09-11T10:39:55.606Z,0
f45d,2022-08-26T10:46:14.304Z,0
277c,2022-04-27T13:00:28.240Z,0
cfd3,2022-03-28T11:45:32.204Z,0
d39a,2022-09-06T08:02:53.062Z,0
f45d,2022-04-04T10:45:33.308Z,0
78c0,2022-08-07T08:00:44.207Z,0
460a,2022-03-17T12:39:49.405Z,0
d5fe,2022-02-15T03:37:11.804Z,0
78c0,2022-10-09T08:00:44.122Z,0
8a0b,2022-06-30T12:00:11.253Z,0
bfbf,2022-07-03T10:00:10.271Z,1
f45d,2022-06-26T10:45:33.210Z,0
bfbf,2022-03-21T10:09:35.350Z,1
d8f3,2022-06-10T12:30:30.136Z,0
78c0,2022-05-23T08:00:44.293Z,0
bfbf,2022-09-07T10:02:08.939Z,1
cfd3,2022-06-04T10:45:32.412Z,0
d8f3,2022-06-20T12:30:30.243Z,0
277c,2022-11-15T13:01:04.542Z,0
2ff8,2022-10-28T13:01:23.867Z,0
c8cc,2022-09-02T12:00:01.268Z,0
57aa,2022-01-17T09:00:25.436Z,0
f45d,2022-04-28T10:45:33.074Z,0
c963,2022-07-02T11:40:40.462Z,0
cfd3,2022-11-13T11:29:31.097Z,0
2ff8,2022-10-12T13:01:24.449Z,0
d39a,2022-05-14T11:15:45.105Z,0
d8f3,2022-04-07T12:30:30.395Z,0
d39a,2022-06-04T11:15:45.145Z,0
684d,2022-06-26T10:30:19.126Z,1
277c,2022-04-15T13:00:28.391Z,0
d8f3,2022-11-03T12:30:30.215Z,0
684d,2022-09-03T10:48:50.546Z,1
684d,2022-05-30T10:48:17.749Z,1
7f96,2022-07-18T16:00:40.197Z,0
c963,2022-02-14T08:08:47.140Z,0
2ff8,2022-09-24T13:01:25.173Z,0
d8f3,2022-12-04T12:30:30.133Z,0
7f96,2022-10-03T16:02:24.849Z,0
2ff8,2022-06-03T13:00:39.472Z,0
8a0b,2022-10-29T03:15:10.220Z,0
684d,2022-07-11T10:39:57.700Z,1
277c,2022-01-21T11:10:26.407Z,0
2ff8,2022-06-27T13:00:39.474Z,0
684d,2022-04-25T10:39:53.728Z,1
8a0b,2022-04-29T12:05:11.016Z,1
6c0a,2022-12-07T03:15:44.088Z,0
bfbf,2022-01-13T10:10:21.655Z,0
78c0,2022-08-17T08:01:36.079Z,0
c8cc,2022-01-27T12:00:01.188Z,0
bfbf,2022-05-13T10:09:48.440Z,1
cfd3,2022-08-05T11:29:31.153Z,0
f45d,2022-09-22T10:46:11.404Z,0
bfbf,2022-01-23T10:00:10.254Z,0
3d6d,2022-10-25T12:30:40.214Z,0
57aa,2022-10-04T09:00:25.208Z,0
d39a,2022-02-03T08:00:19.332Z,0
f45d,2022-01-07T10:45:33.223Z,0
684d,2022-05-09T10:39:20.126Z,1
dee5,2022-07-22T11:30:24.220Z,0
57aa,2022-11-02T09:00:25.156Z,0
bfbf,2022-02-08T10:07:13.669Z,1
bfbf,2022-07-08T10:10:09.399Z,1
78c0,2022-12-01T08:00:44.214Z,0
d39a,2022-04-06T08:00:19.362Z,0
8a0b,2022-10-20T03:15:10.134Z,0
cfd3,2022-01-19T09:45:32.237Z,0
684d,2022-08-24T10:40:17.834Z,1
684d,2022-05-14T10:47:52.048Z,1
3d6d,2022-04-10T12:30:40.296Z,0
d8f3,2022-05-31T12:30:30.118Z,0
bfbf,2022-04-03T10:08:54.690Z,1
684d,2022-03-18T10:38:47.390Z,1
6c0a,2022-04-08T03:15:44.405Z,0
cfd3,2022-07-17T11:45:32.168Z,0
bfbf,2022-03-31T10:00:10.140Z,1
dee5,2022-05-13T11:30:24.329Z,0
8a0b,2022-04-28T12:06:33.372Z,1
8a0b,2022-08-17T12:00:11.292Z,0
8a0b,2022-10-18T03:15:29.377Z,0
2ff8,2022-03-11T13:00:39.471Z,0
cfd3,2022-12-09T11:29:31.210Z,0
277c,2022-02-26T12:30:12.108Z,0
2ff8,2022-05-24T13:00:39.159Z,0
277c,2022-04-08T13:00:28.138Z,0
d39a,2022-12-04T11:15:45.122Z,0
d8f3,2022-01-19T12:30:30.331Z,0
cfd3,2022-03-14T09:45:32.298Z,0
277c,2022-03-19T13:00:28.485Z,0
277c,2022-09-06T13:01:58.571Z,0
684d,2022-04-01T10:30:19.134Z,1
d39a,2022-12-08T08:00:19.391Z,0
bfbf,2022-03-10T10:09:16.362Z,1
460a,2022-10-23T12:52:00.164Z,0
c8cc,2022-01-20T12:00:01.206Z,0
684d,2022-04-13T10:39:10.999Z,1
6c0a,2022-11-09T03:15:44.205Z,0
d39a,2022-06-29T08:00:19.394Z,0
78c0,2022-08-10T08:01:35.122Z,0
cfd3,2022-05-21T09:45:32.103Z,0
dee5,2022-05-16T11:30:24.469Z,0
684d,2022-12-01T10:30:19.136Z,0
cfd3,2022-01-22T09:45:32.407Z,0
cfd3,2022-10-24T09:29:31.238Z,0
78c0,2022-03-06T08:00:44.231Z,0
c8cc,2022-11-01T03:30:07.178Z,0
57aa,2022-03-18T09:00:25.366Z,0
6c0a,2022-10-09T03:16:35.052Z,0
cfd3,2022-01-24T10:45:32.255Z,0
cfd3,2022-04-01T10:45:32.317Z,0
8a0b,2022-10-30T03:15:10.139Z,0
684d,2022-05-29T10:55:55.928Z,1
3d6d,2022-05-12T12:30:40.163Z,0
bfbf,2022-04-25T10:09:01.302Z,1
8a0b,2022-04-19T12:00:11.230Z,1
dee5,2022-05-30T11:30:24.197Z,0
dee5,2022-03-26T11:30:24.241Z,0
78c0,2022-05-25T08:00:44.198Z,0
d5fe,2022-01-27T15:44:40.338Z,0
cfd3,2022-09-17T11:29:31.219Z,0
6c0a,2022-06-17T03:15:44.287Z,0
684d,2022-05-15T10:55:18.995Z,1
3d6d,2022-05-23T12:30:40.236Z,0
cfd3,2022-01-07T10:45:32.476Z,0
cfd3,2022-01-05T10:45:32.203Z,0
d8f3,2022-09-16T12:31:09.147Z,0
277c,2022-11-24T13:00:28.317Z,0
dee5,2022-03-05T11:30:24.150Z,0
cfd3,2022-06-20T11:45:32.270Z,0
c8cc,2022-09-05T12:00:01.378Z,0
d39a,2022-03-09T08:00:19.517Z,0
d39a,2022-05-24T11:15:45.352Z,0
684d,2022-06-02T10:30:19.286Z,1
cfd3,2022-04-06T10:45:32.256Z,0
d8f3,2022-07-22T12:30:30.402Z,0
277c,2022-05-02T13:00:28.406Z,0
f45d,2022-06-24T10:45:33.331Z,0
277c,2022-04-16T13:00:28.439Z,0
bfbf,2022-11-19T10:30:03.216Z,0
dee5,2022-10-13T11:30:24.218Z,0
c963,2022-12-03T11:40:40.327Z,0
bfbf,2022-08-17T10:11:11.358Z,1
2ff8,2022-05-18T13:00:39.189Z,0
78c0,2022-10-30T08:00:44.142Z,0
78c0,2022-05-09T08:00:44.169Z,0
cfd3,2022-08-20T09:29:31.144Z,0
57aa,2022-06-24T09:00:25.482Z,0
d39a,2022-02-24T08:00:19.306Z,0
bfbf,2022-10-08T10:30:41.167Z,0
d5fe,2022-02-06T19:21:53.531Z,1
3d6d,2022-03-31T12:30:40.121Z,0
57aa,2022-02-28T09:00:25.288Z,0
cfd3,2022-04-26T09:45:32.405Z,0
bfbf,2022-06-25T10:10:19.677Z,1
c963,2022-09-10T11:40:40.576Z,0
d8f3,2022-11-27T12:30:30.243Z,0
460a,2022-10-08T12:46:25.607Z,1
bfbf,2022-07-12T10:00:10.256Z,1
3d6d,2022-03-29T12:30:40.145Z,0
8a0b,2022-11-20T03:15:10.259Z,0
277c,2022-07-04T13:00:28.328Z,0
cfd3,2022-11-18T10:29:31.316Z,0
cfd3,2022-05-27T11:45:32.402Z,0
460a,2022-02-23T21:34:58.905Z,1
d5fe,2022-02-03T17:03:04.819Z,1
c963,2022-07-19T11:40:41.024Z,0
d39a,2022-06-26T11:15:45.216Z,0
dee5,2022-01-18T11:30:24.431Z,0
cfd3,2022-08-27T09:29:31.244Z,0
277c,2022-07-05T14:04:57.456Z,0
684d,2022-02-19T10:54:18.744Z,1
57aa,2022-05-04T09:03:16.370Z,1
277c,2022-04-13T13:00:28.153Z,0
3d6d,2022-05-20T12:30:40.421Z,0
277c,2022-10-09T13:00:28.138Z,0
8a0b,2022-10-24T03:15:10.175Z,0
c8cc,2022-02-10T12:00:01.218Z,0
684d,2022-07-29T10:50:18.543Z,1
d39a,2022-09-03T11:16:37.149Z,0
cfd3,2022-07-12T09:45:32.238Z,0
8a0b,2022-06-14T12:00:30.416Z,0
6c0a,2022-03-04T03:15:44.246Z,0
cfd3,2022-11-03T10:29:31.112Z,0
c963,2022-10-05T11:40:40.296Z,0
d39a,2022-06-08T11:15:45.260Z,0
d39a,2022-01-22T11:15:45.272Z,0
d39a,2022-01-12T08:00:19.639Z,0
bfbf,2022-06-17T10:09:44.478Z,1
8a0b,2022-06-02T12:00:30.284Z,0
8a0b,2022-04-22T12:03:19.372Z,1
d5fe,2022-01-29T21:06:05.167Z,1
277c,2022-09-20T13:01:55.606Z,0
2ff8,2022-02-11T13:00:39.089Z,0
3d6d,2022-08-03T12:30:40.230Z,0
8a0b,2022-05-03T12:04:35.877Z,1
8a0b,2022-05-26T12:00:11.162Z,0
8a0b,2022-03-13T12:00:11.195Z,0
460a,2022-05-07T12:43:16.097Z,0
c963,2022-03-03T08:08:47.244Z,0
dee5,2022-02-26T11:30:24.122Z,0
dee5,2022-05-14T11:30:24.146Z,0
c8cc,2022-08-11T12:00:01.260Z,0
f45d,2022-08-24T10:46:12.949Z,0
3d6d,2022-11-13T12:30:40.196Z,0
8a0b,2022-07-06T12:00:11.251Z,0
bfbf,2022-03-01T10:09:32.232Z,1
dee5,2022-08-22T11:30:24.226Z,0
dee5,2022-09-01T11:30:24.274Z,0
277c,2022-01-25T11:10:26.230Z,1
684d,2022-01-10T10:30:19.111Z,0
684d,2022-05-26T10:30:19.192Z,1
8a0b,2022-07-04T12:00:11.240Z,0
dee5,2022-10-22T11:30:24.139Z,0
8a0b,2022-03-23T12:00:11.400Z,0
277c,2022-07-06T13:00:28.204Z,0
684d,2022-06-04T10:56:51.222Z,1
d39a,2022-10-02T08:01:21.242Z,0
c963,2022-07-20T11:40:40.573Z,0
bfbf,2022-09-13T10:00:54.514Z,0
78c0,2022-11-26T08:00:44.290Z,0
cfd3,2022-08-28T10:29:31.113Z,0
bfbf,2022-06-07T10:09:45.941Z,1
d8f3,2022-09-04T12:30:30.108Z,0
cfd3,2022-11-24T11:29:31.219Z,0
8a0b,2022-05-10T12:00:11.363Z,0
f45d,2022-04-29T10:45:33.456Z,0
277c,2022-07-09T13:00:28.173Z,0
684d,2022-11-18T10:30:19.274Z,0
2ff8,2022-06-14T13:00:39.240Z,0
c963,2022-11-03T11:40:40.519Z,0
dee5,2022-07-14T11:30:24.391Z,0
c8cc,2022-07-29T12:00:01.187Z,0
684d,2022-04-01T10:47:34.907Z,1
f45d,2022-07-05T10:45:33.212Z,0
d39a,2022-11-30T11:15:45.189Z,0
3d6d,2022-07-31T12:30:40.635Z,0
684d,2022-04-27T10:30:19.492Z,1
460a,2022-02-14T03:23:04.731Z,0
78c0,2022-08-31T08:02:38.063Z,0
8a0b,2022-04-09T12:00:11.202Z,0
dee5,2022-11-19T11:30:24.193Z,0
dee5,2022-02-03T11:30:24.201Z,0
57aa,2022-06-21T09:00:25.244Z,0
57aa,2022-02-27T09:00:25.207Z,0
684d,2022-02-13T10:45:56.646Z,1
c8cc,2022-11-20T03:30:07.101Z,0
dee5,2022-08-13T11:30:58.175Z,0
d5fe,2022-01-22T16:20:31.224Z,0
8a0b,2022-09-17T12:00:57.263Z,0
2ff8,2022-11-25T13:01:24.725Z,0
460a,2022-06-16T12:42:51.401Z,0
684d,2022-05-13T10:48:54.521Z,1
3d6d,2022-01-19T11:30:18.287Z,0
d8f3,2022-06-27T12:30:30.460Z,0
3d6d,2022-01-11T11:30:18.111Z,0
78c0,2022-08-23T08:01:34.561Z,0
8a0b,2022-10-05T12:01:11.458Z,0
bfbf,2022-06-25T10:00:10.151Z,1
684d,2022-04-19T10:30:19.354Z,1
cfd3,2022-05-07T09:45:32.438Z,0
684d,2022-02-28T10:54:39.878Z,1
2ff8,2022-05-15T13:00:39.254Z,0
d39a,2022-07-22T08:00:19.391Z,0
cfd3,2022-05-21T10:45:32.244Z,0
c8cc,2022-01-31T12:00:01.403Z,0
cfd3,2022-07-05T09:45:32.121Z,0
bfbf,2022-06-29T10:09:44.816Z,1
f45d,2022-09-12T10:46:14.843Z,0
3d6d,2022-04-20T12:30:40.210Z,0
57aa,2022-07-31T09:00:25.232Z,0
d5fe,2022-02-07T02:53:56.819Z,0
684d,2022-08-05T10:30:19.223Z,1
c963,2022-09-07T11:40:40.325Z,0
8a0b,2022-04-23T12:00:11.141Z,1
8a0b,2022-03-24T12:00:11.227Z,0
cfd3,2022-11-22T10:29:31.171Z,0
cfd3,2022-07-06T09:45:32.201Z,0
bfbf,2022-11-21T10:30:03.186Z,0
3d6d,2022-10-18T12:31:26.327Z,0
460a,2022-04-04T12:37:30.285Z,0
684d,2022-06-07T10:56:10.450Z,1
cfd3,2022-11-07T10:29:31.436Z,0
d39a,2022-08-04T11:15:45.139Z,0
8a0b,2022-10-07T06:34:52.801Z,0
d39a,2022-08-31T08:00:19.362Z,0
d39a,2022-05-02T08:00:19.171Z,0
78c0,2022-11-05T08:01:34.574Z,0
d39a,2022-04-18T11:15:45.393Z,0
c963,2022-09-25T11:40:40.266Z,0
3d6d,2022-10-21T12:30:40.269Z,0
c963,2022-07-31T11:40:40.397Z,0
cfd3,2022-11-12T09:29:31.159Z,0
bfbf,2022-10-31T10:30:03.150Z,0
78c0,2022-08-30T08:01:35.890Z,0
8a0b,2022-04-17T12:02:05.274Z,1
cfd3,2022-10-25T11:29:31.405Z,0
c963,2022-01-31T08:08:47.349Z,1
6c0a,2022-08-17T03:15:44.158Z,0
cfd3,2022-07-04T10:45:32.372Z,0
57aa,2022-11-07T09:00:25.376Z,0
dee5,2022-04-01T11:30:24.290Z,0
bfbf,2022-08-28T10:00:10.142Z,1
d8f3,2022-10-27T12:30:30.142Z,0
d8f3,2022-11-19T12:30:30.204Z,0
cfd3,2022-07-23T10:45:32.271Z,0
684d,2022-05-20T10:39:50.146Z,1
6c0a,2022-07-16T03:15:44.231Z,0
d8f3,2022-01-10T12:30:30.304Z,0
dee5,2022-02-10T11:30:24.171Z,0
d8f3,2022-01-28T12:30:30.126Z,0
cfd3,2022-11-13T09:29:31.223Z,0
d39a,2022-04-30T11:15:45.246Z,0
6c0a,2022-05-22T03:15:44.286Z,0
57aa,2022-04-08T09:00:25.132Z,0
cfd3,2022-06-10T11:45:32.287Z,0
3d6d,2022-07-25T12:30:40.235Z,0
d8f3,2022-07-06T12:30:30.270Z,0
d39a,2022-03-29T08:00:19.514Z,0
684d,2022-07-26T10:49:58.165Z,1
460a,2022-06-10T12:40:36.156Z,0
cfd3,2022-01-13T09:45:32.076Z,0
277c,2022-11-10T13:01:05.669Z,0
dee5,2022-11-28T11:30:24.146Z,0
f45d,2022-10-19T10:46:12.161Z,0
3d6d,2022-01-27T20:47:30.304Z,0
684d,2022-01-08T10:30:19.326Z,0
d39a,2022-10-22T08:00:19.346Z,0
277c,2022-07-07T13:00:28.172Z,1
277c,2022-07-03T13:00:28.168Z,0
684d,2022-07-08T10:49:50.883Z,1
8a0b,2022-05-30T12:00:11.115Z,0
684d,2022-04-24T10:55:27.030Z,1
8a0b,2022-09-18T12:00:11.239Z,0
c8cc,2022-10-27T03:30:07.182Z,0
684d,2022-10-06T10:30:19.308Z,0
cfd3,2022-08-30T11:29:31.215Z,0
78c0,2022-11-02T08:01:35.963Z,0
d39a,2022-06-15T08:00:19.295Z,0
c963,2022-02-23T08:08:47.218Z,0
c963,2022-08-12T11:40:40.392Z,0
d39a,2022-08-04T08:00:19.259Z,0
684d,2022-07-06T10:49:46.053Z,1
8a0b,2022-07-16T12:00:11.263Z,0
277c,2022-08-24T13:01:02.924Z,0
f45d,2022-05-27T10:45:33.271Z,0
dee5,2022-01-11T11:30:24.123Z,0
bfbf,2022-05-12T10:00:10.110Z,1
d39a,2022-06-07T08:00:19.406Z,0
d39a,2022-01-23T11:15:45.151Z,0
bfbf,2022-08-06T10:00:10.148Z,1
684d,2022-06-23T10:40:13.097Z,1
f45d,2022-11-30T10:45:33.265Z,0
78c0,2022-01-31T08:00:44.144Z,0
6c0a,2022-07-02T03:15:44.252Z,0
d39a,2022-02-12T08:00:19.392Z,0
c8cc,2022-09-15T12:00:01.197Z,0
2ff8,2022-05-25T13:00:39.296Z,0
cfd3,2022-02-01T10:45:32.101Z,0
f45d,2022-09-26T10:45:33.204Z,0
cfd3,2022-03-18T10:45:32.147Z,0
460a,2022-10-22T12:50:08.634Z,1
d5fe,2022-02-04T03:52:42.249Z,0
bfbf,2022-03-03T10:00:10.176Z,1
2ff8,2022-02-03T13:00:39.137Z,0
3d6d,2022-09-14T12:31:26.249Z,0
8a0b,2022-06-03T12:00:31.687Z,0
6c0a,2022-05-17T03:15:44.398Z,0
c963,2022-06-12T11:40:40.543Z,0
cfd3,2022-10-16T11:29:31.188Z,0
d8f3,2022-06-05T12:30:30.558Z,0
d5fe,2022-01-30T14:23:44.666Z,1
cfd3,2022-05-26T10:45:32.239Z,0
684d,2022-08-13T10:58:17.869Z,1
bfbf,2022-07-18T10:09:34.695Z,1
cfd3,2022-11-01T10:29:31.093Z,0
6c0a,2022-05-23T03:15:44.280Z,0
cfd3,2022-09-24T10:29:31.099Z,0
3d6d,2022-07-03T12:30:40.477Z,0
2ff8,2022-08-22T13:02:23.941Z,0
d39a,2022-11-20T11:15:45.257Z,0
dee5,2022-09-28T11:30:54.354Z,0
57aa,2022-08-22T09:00:59.073Z,0
684d,2022-05-20T10:58:06.905Z,1
c963,2022-02-17T08:08:47.268Z,0
684d,2022-02-16T10:38:23.125Z,1
8a0b,2022-05-02T12:05:04.133Z,1
cfd3,2022-08-11T09:29:31.467Z,0
c963,2022-02-10T08:08:47.125Z,0
dee5,2022-03-12T11:30:24.089Z,0
f45d,2022-10-12T10:46:12.372Z,0
f45d,2022-04-10T10:45:33.182Z,0
6c0a,2022-02-26T03:15:44.397Z,0
d5fe,2022-02-17T02:15:25.234Z,1
cfd3,2022-08-31T10:29:31.133Z,0
c963,2022-03-23T11:40:40.537Z,0
8a0b,2022-05-03T12:02:00.166Z,1
460a,2022-12-02T12:55:32.220Z,1
c963,2022-07-23T11:40:40.482Z,0
2ff8,2022-07-17T13:00:39.208Z,0
8a0b,2022-04-05T12:00:11.157Z,0
cfd3,2022-06-05T10:45:32.129Z,0
d39a,2022-04-23T11:15:45.342Z,0
cfd3,2022-03-11T09:45:32.319Z,0
2ff8,2022-04-25T13:00:39.225Z,0
78c0,2022-06-12T08:00:44.481Z,0
bfbf,2022-10-26T10:30:03.169Z,0
6c0a,2022-10-13T03:16:35.190Z,0
684d,2022-01-11T10:30:19.106Z,0
6c0a,2022-09-11T03:16:33.495Z,0
d39a,2022-03-10T08:00:19.311Z,0
d39a,2022-04-01T11:15:45.505Z,0
d39a,2022-05-12T08:00:19.293Z,0
f45d,2022-05-04T10:45:33.161Z,0
7d68,2022-02-18T15:08:28.229Z,1
dee5,2022-03-15T11:30:24.377Z,0
d8f3,2022-02-01T12:30:30.262Z,0
c963,2022-09-05T11:40:40.590Z,0
2ff8,2022-06-01T13:00:39.324Z,0
d8f3,2022-05-11T12:30:30.257Z,0
3d6d,2022-01-28T17:15:58.412Z,0
c8cc,2022-03-02T12:00:01.374Z,0
2ff8,2022-05-04T13:00:39.421Z,0
f45d,2022-08-20T10:46:13.026Z,0
8a0b,2022-04-17T12:00:11.170Z,1
d39a,2022-09-17T11:16:38.144Z,0
dee5,2022-10-23T11:30:24.260Z,0
d8f3,2022-02-23T12:30:30.399Z,0
57aa,2022-01-09T09:00:25.464Z,0
6c0a,2022-03-12T03:15:44.318Z,0
3d6d,2022-08-30T12:30:40.174Z,0
dee5,2022-07-27T11:30:24.243Z,0
cfd3,2022-04-21T10:45:32.408Z,0
277c,2022-01-20T11:10:26.104Z,0
460a,2022-02-14T03:40:57.686Z,0
684d,2022-03-21T10:49:37.792Z,1
d39a,2022-10-25T08:00:43.777Z,0
cfd3,2022-06-02T10:45:32.272Z,0
cfd3,2022-02-06T09:45:32.160Z,0
277c,2022-05-13T13:00:28.174Z,0
277c,2022-06-13T13:00:28.141Z,0
d39a,2022-11-19T08:00:19.376Z,0
cfd3,2022-04-02T09:45:32.251Z,0
3d6d,2022-02-06T12:30:40.299Z,0
277c,2022-06-01T13:00:28.187Z,0
460a,2022-04-18T12:39:21.752Z,0
57aa,2022-02-14T09:00:25.255Z,0
bfbf,2022-01-09T10:08:29.170Z,0
57aa,2022-05-02T09:03:20.743Z,1
d8f3,2022-01-08T12:30:30.249Z,0
684d,2022-07-08T10:40:08.124Z,1
cfd3,2022-05-13T11:45:32.455Z,0
8a0b,2022-04-30T12:04:52.248Z,1
bfbf,2022-07-28T10:09:59.398Z,1
277c,2022-09-14T13:01:58.907Z,0
6c0a,2022-08-11T03:16:33.697Z,0
d8f3,2022-09-21T12:30:30.205Z,0
d39a,2022-06-22T11:15:45.334Z,0
bfbf,2022-02-24T10:08:36.729Z,1
684d,2022-08-14T10:40:25.467Z,1
684d,2022-02-22T10:38:40.809Z,1
bfbf,2022-11-15T10:30:03.241Z,0
c963,2022-11-13T11:40:40.288Z,1
78c0,2022-07-31T08:00:44.255Z,0
d39a,2022-07-28T11:15:45.266Z,0
8a0b,2022-10-07T06:00:11.879Z,0
6c0a,2022-02-11T03:15:44.363Z,0
d39a,2022-08-23T08:01:25.881Z,0
d39a,2022-02-10T08:00:19.480Z,0
cfd3,2022-03-19T10:45:32.216Z,0
c8cc,2022-03-25T12:00:01.179Z,0
3d6d,2022-07-11T12:30:40.228Z,0
d8f3,2022-04-24T12:30:30.090Z,0
57aa,2022-04-20T09:01:47.636Z,1
cfd3,2022-08-09T10:29:31.108Z,0
cfd3,2022-01-27T10:45:32.294Z,0
8a0b,2022-03-11T12:00:11.134Z,0
c8cc,2022-12-07T03:30:07.286Z,0
cfd3,2022-04-21T09:45:32.474Z,0
460a,2022-08-25T12:41:30.555Z,0
bfbf,2022-02-14T10:08:17.017Z,1
d39a,2022-03-22T08:00:19.392Z,0
cfd3,2022-04-19T09:45:32.241Z,0
d5fe,2022-02-02T08:22:09.965Z,0
cfd3,2022-04-10T11:45:32.075Z,0
460a,2022-02-02T14:56:31.074Z,1
dee5,2022-11-18T11:30:24.296Z,0
2ff8,2022-09-21T13:01:25.618Z,0
cfd3,2022-11-08T09:29:31.133Z,0
f45d,2022-06-16T10:45:33.200Z,0
d8f3,2022-03-08T12:30:30.441Z,0
dee5,2022-06-01T11:30:24.359Z,0
dee5,2022-10-21T11:30:24.259Z,0
57aa,2022-03-22T09:00:27.763Z,0
c8cc,2022-11-03T03:30:07.174Z,0
bfbf,2022-03-15T10:09:11.365Z,1
cfd3,2022-09-09T11:29:31.209Z,0
2ff8,2022-03-04T13:00:39.222Z,0
c8cc,2022-03-21T12:00:01.297Z,0
2ff8,2022-11-17T13:01:27.040Z,0
57aa,2022-06-19T09:00:25.172Z,0
cfd3,2022-03-09T11:45:32.196Z,0
d39a,2022-06-16T11:15:45.116Z,0
f45d,2022-07-01T10:45:33.399Z,0
c8cc,2022-08-23T12:00:01.167Z,0
277c,2022-01-22T11:10:26.383Z,0
d8f3,2022-09-30T12:31:06.205Z,0
cfd3,2022-06-10T09:45:32.089Z,0
c963,2022-04-14T11:40:40.234Z,0
dee5,2022-04-29T11:30:24.414Z,0
3d6d,2022-07-06T12:30:40.378Z,0
3d6d,2022-07-18T12:30:40.267Z,0
c963,2022-11-22T11:40:40.354Z,0
bfbf,2022-05-19T10:09:51.049Z,1
460a,2022-11-26T12:53:24.881Z,1
8a0b,2022-05-12T12:00:11.132Z,0
3d6d,2022-04-28T12:30:40.150Z,0
684d,2022-05-29T10:47:36.609Z,1
d39a,2022-11-07T08:00:19.373Z,0
dee5,2022-04-25T11:30:24.241Z,0
460a,2022-08-24T12:43:28.298Z,0
78c0,2022-10-01T08:01:36.307Z,0
bfbf,2022-01-27T10:10:09.331Z,0
78c0,2022-07-08T08:00:44.372Z,0
277c,2022-10-08T13:00:28.230Z,0
8a0b,2022-09-06T12:02:32.412Z,0
684d,2022-06-08T10:30:19.285Z,1
bfbf,2022-10-30T10:30:03.376Z,0
d39a,2022-12-02T08:01:27.953Z,0
6c0a,2022-08-02T03:15:44.093Z,0
684d,2022-09-12T10:30:19.312Z,0
c963,2022-08-06T11:40:40.383Z,0
460a,2022-09-07T12:44:57.360Z,0
c8cc,2022-01-08T12:00:02.137Z,0
cfd3,2022-02-20T10:45:32.299Z,0
bfbf,2022-08-23T10:00:59.432Z,1
c8cc,2022-03-26T12:00:01.472Z,0
cfd3,2022-04-09T11:45:32.190Z,0
460a,2022-09-30T12:45:53.624Z,1
cfd3,2022-11-09T11:29:31.190Z,0
460a,2022-08-20T12:41:21.204Z,1
c8cc,2022-08-29T12:00:01.202Z,0
dee5,2022-04-24T11:30:24.145Z,0
dee5,2022-06-13T11:30:24.247Z,0
684d,2022-06-26T10:48:57.509Z,1
78c0,2022-02-04T08:00:44.263Z,0
cfd3,2022-08-21T11:29:31.158Z,0
8a0b,2022-09-09T12:02:07.461Z,0
684d,2022-07-17T10:56:41.326Z,1
684d,2022-05-01T10:55:24.259Z,1
6c0a,2022-05-02T03:15:44.114Z,0
7d68,2022-02-17T20:15:49.400Z,0
2ff8,2022-09-02T13:02:32.955Z,0
d39a,2022-04-09T08:00:19.243Z,0
684d,2022-09-01T10:59:55.978Z,1
c963,2022-12-04T11:40:40.233Z,0
cfd3,2022-04-11T11:45:32.279Z,0
460a,2022-03-23T12:37:52.675Z,0
dee5,2022-11-09T11:30:24.190Z,0
cfd3,2022-06-26T09:45:32.138Z,0
f45d,2022-04-07T10:45:33.306Z,0
cfd3,2022-05-20T10:45:32.357Z,0
c963,2022-06-27T11:40:40.253Z,0
684d,2022-08-24T10:30:45.576Z,1
3d6d,2022-01-27T20:59:57.359Z,0
684d,2022-05-14T10:39:15.055Z,1
6c0a,2022-10-25T03:15:44.134Z,0
8a0b,2022-09-26T12:00:57.642Z,0
d39a,2022-10-01T08:00:19.220Z,0
6c0a,2022-09-06T03:16:33.603Z,0
c963,2022-03-05T11:40:40.440Z,0
6c0a,2022-11-29T03:15:44.259Z,0
2ff8,2022-10-19T13:00:39.203Z,0
6c0a,2022-03-14T03:15:44.222Z,0
6c0a,2022-07-22T03:15:44.406Z,0
78c0,2022-11-24T08:00:44.111Z,0
bfbf,2022-06-14T10:00:10.281Z,1
f45d,2022-02-17T10:45:33.256Z,0
78c0,2022-03-28T08:00:44.402Z,0
d8f3,2022-12-03T12:30:30.110Z,0
2ff8,2022-07-10T13:00:39.262Z,0
bfbf,2022-06-17T10:00:10.479Z,1
8a0b,2022-06-09T12:00:31.752Z,0
cfd3,2022-10-23T09:29:31.224Z,0
460a,2022-02-23T21:25:57.658Z,1
bfbf,2022-04-10T10:08:39.169Z,1
6c0a,2022-11-07T03:15:44.280Z,0
dee5,2022-09-19T11:30:57.336Z,0
c8cc,2022-08-07T12:00:01.171Z,0
8a0b,2022-08-23T12:00:11.475Z,0
277c,2022-05-17T13:00:28.119Z,0
2ff8,2022-09-19T13:00:39.353Z,0
460a,2022-07-11T12:43:55.838Z,0
bfbf,2022-10-14T10:31:41.891Z,1
cfd3,2022-03-18T11:45:32.281Z,0
460a,2022-11-30T12:53:06.997Z,1
dee5,2022-10-26T11:30:24.223Z,0
684d,2022-08-24T10:49:49.710Z,1
cfd3,2022-01-13T11:45:32.179Z,0
6c0a,2022-11-11T03:15:44.317Z,0
684d,2022-04-14T10:30:19.096Z,1
57aa,2022-04-26T09:01:52.435Z,1
684d,2022-11-17T10:30:19.255Z,0
bfbf,2022-03-28T10:00:10.271Z,1
cfd3,2022-08-22T09:29:31.162Z,0
6c0a,2022-05-12T03:15:44.252Z,0
bfbf,2022-10-16T10:31:36.661Z,0
d39a,2022-11-27T11:15:45.212Z,0
cfd3,2022-05-10T11:45:32.320Z,0
684d,2022-07-20T10:57:52.840Z,1
2ff8,2022-01-29T13:00:39.108Z,0
dee5,2022-08-30T11:30:58.000Z,0
cfd3,2022-07-10T10:45:32.178Z,0
d39a,2022-01-23T08:00:19.292Z,0
c8cc,2022-06-22T12:00:01.133Z,0
57aa,2022-01-23T09:00:25.223Z,0
2ff8,2022-09-14T13:00:39.147Z,0
c963,2022-02-13T08:08:47.220Z,0
d39a,2022-04-14T08:00:19.238Z,0
a841,2022-02-11T23:20:34.195Z,0
d39a,2022-11-16T11:15:45.229Z,0
2ff8,2022-10-07T13:02:20.561Z,0
c963,2022-09-08T11:40:40.582Z,0
6c0a,2022-11-26T03:15:44.242Z,0
cfd3,2022-06-30T11:45:32.170Z,0
684d,2022-08-14T10:30:46.654Z,1
277c,2022-07-08T13:00:28.292Z,1
c963,2022-11-02T11:40:40.398Z,0
3d6d,2022-04-11T12:30:40.287Z,0
